[{"type":"element","name":"1","elementType":"RECTANGLE","id":1,"x":113.1428604126396,"y":127.42857360822276,"shape":"","text":"前馈网络","w":100,"h":30,"color":"blue","lightness":400},{"type":"element","name":"2","elementType":"RECTANGLE","id":2,"x":113.14286041246015,"y":210.5714569092293,"shape":"","text":"叠加与归一化","w":100,"h":30,"color":"orange","lightness":100},{"type":"element","name":"3","elementType":"RECTANGLE","id":3,"x":228.14286041247948,"y":127.42857360815438,"shape":"","text":"叠加与归一化","w":100,"h":30,"color":"orange","lightness":100},{"type":"element","name":"4","elementType":"RECTANGLE","id":4,"x":113.14286041254863,"y":293.71434020994093,"shape":"","text":"输入编码","w":100,"h":30,"color":"pink","lightness":300},{"type":"element","name":"5","elementType":"RECTANGLE","id":5,"x":228.14286041275608,"y":44.28569030743938,"shape":"","text":"编码器输出","w":100,"h":30,"color":"green","lightness":300},{"type":"element","name":"6","elementType":"RECTANGLE","id":6,"x":228.14286041285698,"y":210.5714569091719,"shape":"","text":"多头注意力","w":100,"h":30,"color":"orange","lightness":400},{"type":"element","name":"7","elementType":"RECTANGLE","id":7,"x":228.14286041272035,"y":293.71434020997543,"shape":"","text":"合并","w":100,"h":30,"color":"grey","lightness":400},{"type":"element","name":"8","elementType":"RECTANGLE","id":8,"x":228.14286041272007,"y":376.85722351077914,"shape":"","text":"坐标编码","w":100,"h":30,"color":"pink","lightness":200},{"type":"element","name":"arrow-2-1","elementType":"ARROW","id":9,"pointerAtBeginning":false,"dashEnabled":false,"startElement":2,"endElement":1,"pointerAtEnding":true},{"type":"element","name":"arrow-1-3","elementType":"ARROW","id":10,"pointerAtBeginning":false,"dashEnabled":false,"startElement":1,"endElement":3,"pointerAtEnding":true},{"type":"element","name":"arrow-3-5","elementType":"ARROW","id":11,"pointerAtBeginning":false,"dashEnabled":false,"startElement":3,"endElement":5,"pointerAtEnding":true},{"type":"element","name":"arrow-2-3","elementType":"ARROW","id":12,"pointerAtBeginning":false,"dashEnabled":false,"startElement":2,"endElement":3,"pointerAtEnding":true},{"type":"element","name":"arrow-6-2","elementType":"ARROW","id":13,"pointerAtBeginning":false,"dashEnabled":false,"startElement":6,"endElement":2,"pointerAtEnding":true},{"type":"element","name":"arrow-7-6","elementType":"ARROW","id":14,"pointerAtBeginning":false,"dashEnabled":false,"startElement":7,"endElement":6,"pointerAtEnding":true},{"type":"element","name":"arrow-7-2","elementType":"ARROW","id":15,"pointerAtBeginning":false,"dashEnabled":false,"startElement":7,"endElement":2,"pointerAtEnding":true},{"type":"element","name":"arrow-4-7","elementType":"ARROW","id":16,"pointerAtBeginning":false,"dashEnabled":false,"startElement":4,"endElement":7,"pointerAtEnding":true},{"type":"element","name":"arrow-8-7","elementType":"ARROW","id":17,"pointerAtBeginning":false,"dashEnabled":false,"startElement":8,"endElement":7,"pointerAtEnding":true},{"type":"attribute","name":"const_dis","element":0,"val":115.00000000001617},{"type":"attribute","name":"randcrbwihynuap","element":0,"val":113.14286041300126},{"type":"attribute","name":"randuuiz28tdi0j","element":0,"val":127.4285736086955},{"type":"attribute","name":"rand98pxpa00hd","element":0,"val":210.57145690935926},{"type":"equation","equation":"x_1  =randcrbwihynuap_0  "},{"type":"equation","equation":"y_1  =randuuiz28tdi0j_0  "},{"type":"equation","equation":"x_2  =x_1  "},{"type":"equation","equation":"y_2  =rand98pxpa00hd_0  "},{"type":"equation","equation":"x_3  =x_2 + const_dis_0"},{"type":"equation","equation":"y_3  =y_1  "},{"type":"equation","equation":"x_4  =x_2  "},{"type":"equation","equation":"y_4 - y_2=y_2 - y_3"},{"type":"equation","equation":"x_5  =x_3  "},{"type":"equation","equation":"y_5 - y_3=y_2 - y_4"},{"type":"equation","equation":"x_6  =x_5  "},{"type":"equation","equation":"y_6  =y_2  "},{"type":"equation","equation":"x_7  =x_6  "},{"type":"equation","equation":"y_7  =y_4  "},{"type":"equation","equation":"x_8  =x_7  "},{"type":"equation","equation":"y_8 - y_7=y_7 - y_6"}]