[{"type":"element","name":"1","elementType":"CIRCLE","id":1,"x":95.42857360761239,"y":366.57144165077983,"shape":"","w":10,"h":10,"color":"grey","lightness":900,"text":""},{"type":"element","name":"2","elementType":"CIRCLE","id":2,"x":261.71429443346796,"y":366.5714416511249,"shape":"","w":10,"h":10,"color":"grey","lightness":900,"text":""},{"type":"element","name":"3","elementType":"CIRCLE","id":3,"x":261.7142944334616,"y":200.28572082523849,"shape":"","w":10,"h":10,"color":"grey","lightness":900,"text":""},{"type":"element","name":"4","elementType":"CIRCLE","id":4,"x":95.42857360761406,"y":200.28572082521836,"shape":"","w":10,"h":10,"color":"grey","lightness":900,"text":""},{"type":"element","name":"5","elementType":"CIRCLE","id":5,"x":139.14286804207515,"y":147.14288330066654,"shape":"","w":10,"h":10,"color":"grey","lightness":900,"text":""},{"type":"element","name":"6","elementType":"CIRCLE","id":6,"x":139.1428680420775,"y":313.4286041265219,"shape":"","w":10,"h":10,"color":"grey","lightness":900,"text":""},{"type":"element","name":"7","elementType":"CIRCLE","id":7,"x":305.4285888679147,"y":313.42860412652516,"shape":"","w":10,"h":10,"color":"grey","lightness":900,"text":""},{"type":"element","name":"8","elementType":"CIRCLE","id":8,"x":305.4285888679138,"y":147.14288330086407,"shape":"","w":10,"h":10,"color":"grey","lightness":900,"text":""},{"type":"element","name":"arrow-4-5","elementType":"ARROW","id":9,"pointerAtBeginning":false,"dashEnabled":false,"startElement":4,"endElement":5,"pointerAtEnding":false},{"type":"element","name":"arrow-5-8","elementType":"ARROW","id":10,"pointerAtBeginning":false,"dashEnabled":false,"startElement":5,"endElement":8,"pointerAtEnding":false},{"type":"element","name":"arrow-8-3","elementType":"ARROW","id":11,"pointerAtBeginning":false,"dashEnabled":false,"startElement":8,"endElement":3,"pointerAtEnding":false},{"type":"element","name":"arrow-4-3","elementType":"ARROW","id":12,"pointerAtBeginning":false,"dashEnabled":false,"startElement":4,"endElement":3,"pointerAtEnding":false},{"type":"element","name":"arrow-4-1","elementType":"ARROW","id":13,"pointerAtBeginning":false,"dashEnabled":false,"startElement":4,"endElement":1,"pointerAtEnding":false},{"type":"element","name":"arrow-1-2","elementType":"ARROW","id":14,"pointerAtBeginning":false,"dashEnabled":false,"startElement":1,"endElement":2,"pointerAtEnding":false},{"type":"element","name":"arrow-3-2","elementType":"ARROW","id":15,"pointerAtBeginning":false,"dashEnabled":false,"startElement":3,"endElement":2,"pointerAtEnding":false},{"type":"element","name":"arrow-8-7","elementType":"ARROW","id":16,"pointerAtBeginning":false,"dashEnabled":false,"startElement":8,"endElement":7,"pointerAtEnding":false},{"type":"element","name":"arrow-2-7","elementType":"ARROW","id":17,"pointerAtBeginning":false,"dashEnabled":false,"startElement":2,"endElement":7,"pointerAtEnding":false},{"type":"element","name":"arrow-5-6","elementType":"ARROW","id":18,"pointerAtBeginning":false,"dashEnabled":true,"startElement":5,"endElement":6,"pointerAtEnding":false},{"type":"element","name":"arrow-1-6","elementType":"ARROW","id":19,"pointerAtBeginning":false,"dashEnabled":true,"startElement":1,"endElement":6,"pointerAtEnding":false},{"type":"element","name":"arrow-6-7","elementType":"ARROW","id":20,"pointerAtBeginning":false,"dashEnabled":true,"startElement":6,"endElement":7,"pointerAtEnding":false},{"type":"element","name":"arrow-5-2","elementType":"ARROW","id":21,"pointerAtBeginning":false,"dashEnabled":true,"startElement":5,"endElement":2,"pointerAtEnding":false},{"type":"element","name":"arrow-4-7","elementType":"ARROW","id":22,"pointerAtBeginning":false,"dashEnabled":true,"startElement":4,"endElement":7,"pointerAtEnding":false},{"type":"element","name":"arrow-1-8","elementType":"ARROW","id":23,"pointerAtBeginning":false,"dashEnabled":true,"startElement":1,"endElement":8,"pointerAtEnding":false},{"type":"element","name":"24","elementType":"CIRCLE","id":24,"x":200.42858123776298,"y":256.85716247582184,"shape":"","w":10,"h":10,"color":"red","lightness":900,"text":""},{"type":"attribute","name":"const_dis","element":0,"val":53.14283752436547},{"type":"attribute","name":"randhips1rsf5bk","element":0,"val":95.42857360762271},{"type":"attribute","name":"randdc0h7ozxy0e","element":0,"val":261.71429443347535},{"type":"attribute","name":"randr5wtntyiced","element":0,"val":200.28572082494114},{"type":"attribute","name":"randkju9jbaszm","element":0,"val":139.14286804207495},{"type":"attribute","name":"randczjhr2y0v5w","element":0,"val":147.14288330069962},{"type":"equation","equation":"x_1  =randhips1rsf5bk_0  "},{"type":"equation","equation":"y_2  =y_1  "},{"type":"equation","equation":"x_2  =randdc0h7ozxy0e_0  "},{"type":"equation","equation":"x_3  =x_2  "},{"type":"equation","equation":"y_3  =randr5wtntyiced_0  "},{"type":"equation","equation":"x_4  =x_1  "},{"type":"equation","equation":"y_4  =y_3  "},{"type":"equation","equation":"y_3 - y_2=x_1 - x_2"},{"type":"equation","equation":"x_5  =randkju9jbaszm_0  "},{"type":"equation","equation":"y_5  =randczjhr2y0v5w_0  "},{"type":"equation","equation":"x_6  =x_5  "},{"type":"equation","equation":"y_6 - y_2=y_5 - y_4"},{"type":"equation","equation":"y_5 - y_6=x_6 - x_7"},{"type":"equation","equation":"y_7  =y_6  "},{"type":"equation","equation":"x_8  =x_7  "},{"type":"equation","equation":"y_8  =y_4 - const_dis_0"},{"type":"equation","equation":"x_4 - x_5=x_1 - x_6"},{"type":"equation","equation":"x_3 - x_8=x_1 - x_6"},{"type":"equation","equation":"x_2 - x_7=x_1 - x_6"},{"type":"equation","equation":"y_8 - y_3=y_6 - y_1"},{"type":"equation","equation":"x_1 - x_24=x_24 - x_8"},{"type":"equation","equation":"y_1 - y_24=y_24 - y_8"}]