[{"type":"element","name":"1","elementType":"RECTANGLE","id":1,"x":42.571430206240954,"y":120.00001525880786,"shape":"","w":40,"h":40,"color":"green","lightness":400,"text":""},{"type":"element","name":"2","elementType":"RECTANGLE","id":2,"x":82.57143020612524,"y":120.00001525887711,"shape":"","w":40,"h":40,"color":"green","lightness":400,"text":""},{"type":"element","name":"3","elementType":"RECTANGLE","id":3,"x":122.57143020599155,"y":120.0000152588899,"shape":"","w":40,"h":40,"color":"red","lightness":400,"text":""},{"type":"element","name":"4","elementType":"RECTANGLE","id":4,"x":162.57143020586807,"y":120.0000152588273,"shape":"","w":40,"h":40,"color":"green","lightness":400,"text":""},{"type":"element","name":"5","elementType":"RECTANGLE","id":5,"x":202.5714302058218,"y":120.00001525859973,"shape":"","w":40,"h":40,"color":"green","lightness":400,"text":""},{"type":"element","name":"6","elementType":"RECTANGLE","id":6,"x":242.57143020583607,"y":120.00001525866445,"shape":"","w":40,"h":40,"color":"red","lightness":400,"text":""},{"type":"element","name":"7","elementType":"RECTANGLE","id":7,"x":42.5714302062268,"y":214.00003051760834,"shape":"","w":40,"h":40,"color":"green","lightness":400,"text":"1"},{"type":"element","name":"8","elementType":"RECTANGLE","id":8,"x":82.5714302061016,"y":214.00003051756946,"shape":"","w":40,"h":40,"color":"red","lightness":400,"text":""},{"type":"element","name":"9","elementType":"RECTANGLE","id":9,"x":122.57143020599295,"y":214.00003051758867,"shape":"","w":40,"h":40,"color":"red","lightness":400,"text":""},{"type":"element","name":"10","elementType":"RECTANGLE","id":10,"x":162.5714302058393,"y":214.00003051759944,"shape":"","w":40,"h":40,"color":"red","lightness":400,"text":""},{"type":"element","name":"11","elementType":"RECTANGLE","id":11,"x":202.57143020567233,"y":214.00003051759828,"shape":"","w":40,"h":40,"color":"red","lightness":400,"text":""},{"type":"element","name":"12","elementType":"RECTANGLE","id":12,"x":242.5714302054995,"y":214.00003051760342,"shape":"","w":40,"h":40,"color":"red","lightness":400,"text":""},{"type":"element","name":"13","elementType":"RECTANGLE","id":13,"x":42.57143020619308,"y":254.0000305174363,"shape":"","w":40,"h":40,"color":"blue","lightness":400,"text":"0"},{"type":"element","name":"14","elementType":"RECTANGLE","id":14,"x":42.57143020638724,"y":294.0000305173317,"shape":"","w":40,"h":40,"color":"blue","lightness":400,"text":"0"},{"type":"element","name":"15","elementType":"RECTANGLE","id":15,"x":42.571430206290074,"y":334.00003051715026,"shape":"","w":40,"h":40,"color":"blue","lightness":400,"text":"0"},{"type":"element","name":"16","elementType":"RECTANGLE","id":16,"x":82.57143020606469,"y":254.00003051748507,"shape":"","w":40,"h":40,"color":"green","lightness":400,"text":"1"},{"type":"element","name":"17","elementType":"RECTANGLE","id":17,"x":82.57143020613817,"y":294.00003051731227,"shape":"","w":40,"h":40,"color":"blue","lightness":400,"text":"0"},{"type":"element","name":"18","elementType":"RECTANGLE","id":18,"x":82.57143020614924,"y":334.00003051720404,"shape":"","w":40,"h":40,"color":"blue","lightness":400,"text":"0"},{"type":"element","name":"19","elementType":"RECTANGLE","id":19,"x":122.57143020603546,"y":254.00003051742598,"shape":"","w":40,"h":40,"color":"red","lightness":400,"text":""},{"type":"element","name":"20","elementType":"RECTANGLE","id":20,"x":122.57143020603425,"y":294.00003051731574,"shape":"","w":40,"h":40,"color":"blue","lightness":400,"text":"0"},{"type":"element","name":"21","elementType":"RECTANGLE","id":21,"x":122.57143020602496,"y":334.00003051716925,"shape":"","w":40,"h":40,"color":"blue","lightness":400,"text":"0"},{"type":"element","name":"22","elementType":"RECTANGLE","id":22,"x":162.57143020588526,"y":254.00003051743076,"shape":"","w":40,"h":40,"color":"red","lightness":400,"text":""},{"type":"element","name":"23","elementType":"RECTANGLE","id":23,"x":162.57143020588273,"y":294.0000305172979,"shape":"","w":40,"h":40,"color":"green","lightness":400,"text":"1"},{"type":"element","name":"24","elementType":"RECTANGLE","id":24,"x":162.5714302058844,"y":334.000030517169,"shape":"","w":40,"h":40,"color":"blue","lightness":400,"text":"0"},{"type":"element","name":"25","elementType":"RECTANGLE","id":25,"x":202.57143020575288,"y":254.00003051743528,"shape":"","w":40,"h":40,"color":"red","lightness":400,"text":""},{"type":"element","name":"26","elementType":"RECTANGLE","id":26,"x":202.57143020575336,"y":294.00003051730346,"shape":"","w":40,"h":40,"color":"red","lightness":400,"text":""},{"type":"element","name":"27","elementType":"RECTANGLE","id":27,"x":202.5714302057532,"y":334.0000305171709,"shape":"","w":40,"h":40,"color":"green","lightness":400,"text":"1"},{"type":"element","name":"28","elementType":"RECTANGLE","id":28,"x":242.57143020562017,"y":254.0000305174378,"shape":"","w":40,"h":40,"color":"red","lightness":400,"text":""},{"type":"element","name":"29","elementType":"RECTANGLE","id":29,"x":242.57143020562066,"y":294.0000305173037,"shape":"","w":40,"h":40,"color":"red","lightness":400,"text":""},{"type":"element","name":"30","elementType":"RECTANGLE","id":30,"x":242.57143020562046,"y":334.0000305171699,"shape":"","w":40,"h":40,"color":"red","lightness":400,"text":""},{"type":"element","name":"arrow-7-1","elementType":"ARROW","id":31,"pointerAtBeginning":false,"dashEnabled":true,"startElement":7,"endElement":1,"pointerAtEnding":true},{"type":"element","name":"arrow-16-2","elementType":"ARROW","id":32,"pointerAtBeginning":false,"dashEnabled":true,"startElement":16,"endElement":2,"pointerAtEnding":true},{"type":"element","name":"arrow-23-4","elementType":"ARROW","id":33,"pointerAtBeginning":false,"dashEnabled":true,"startElement":23,"endElement":4,"pointerAtEnding":true},{"type":"element","name":"arrow-27-5","elementType":"ARROW","id":34,"pointerAtBeginning":false,"dashEnabled":true,"startElement":27,"endElement":5,"pointerAtEnding":true},{"type":"attribute","name":"const_dis","element":0,"val":39.99999999988847},{"type":"attribute","name":"rand9cpfskucy9q","element":0,"val":42.57143020617812},{"type":"attribute","name":"randi2btc4qdomn","element":0,"val":120.00001525874013},{"type":"attribute","name":"rand31dtof3xj9b","element":0,"val":214.00003051755576},{"type":"equation","equation":"x_1  =rand9cpfskucy9q_0  "},{"type":"equation","equation":"y_1  =randi2btc4qdomn_0  "},{"type":"equation","equation":"x_2  =x_1 + const_dis_0"},{"type":"equation","equation":"y_2  =y_1  "},{"type":"equation","equation":"x_3 - x_2=x_2 - x_1"},{"type":"equation","equation":"y_3  =y_2  "},{"type":"equation","equation":"x_4 - x_3=x_3 - x_2"},{"type":"equation","equation":"y_4  =y_3  "},{"type":"equation","equation":"x_3 - x_4=x_4 - x_5"},{"type":"equation","equation":"y_5  =y_4  "},{"type":"equation","equation":"x_4 - x_5=x_5 - x_6"},{"type":"equation","equation":"y_6  =y_5  "},{"type":"equation","equation":"x_6 - x_6=x_1 - x_7"},{"type":"equation","equation":"y_7  =rand31dtof3xj9b_0  "},{"type":"equation","equation":"x_8  =x_2  "},{"type":"equation","equation":"y_8  =rand31dtof3xj9b_0  "},{"type":"equation","equation":"x_9 - x_8=x_8 - x_7"},{"type":"equation","equation":"y_9  =y_8  "},{"type":"equation","equation":"x_10 - x_9=x_9 - x_8"},{"type":"equation","equation":"y_10  =y_9  "},{"type":"equation","equation":"x_11 - x_10=x_10 - x_9"},{"type":"equation","equation":"y_11  =y_10  "},{"type":"equation","equation":"x_12 - x_11=x_11 - x_10"},{"type":"equation","equation":"y_12  =y_11  "},{"type":"equation","equation":"x_12 - x_12=x_7 - x_13"},{"type":"equation","equation":"y_13 - y_12=x_12 - x_11"},{"type":"equation","equation":"x_14  =x_13  "},{"type":"equation","equation":"y_14 - y_13=y_13 - y_12"},{"type":"equation","equation":"x_15  =x_14  "},{"type":"equation","equation":"y_13 - y_14=y_14 - y_15"},{"type":"equation","equation":"x_16 - x_15=y_15 - y_14"},{"type":"equation","equation":"y_15 - y_15=y_13 - y_16"},{"type":"equation","equation":"x_17  =x_16  "},{"type":"equation","equation":"y_17 - y_16=x_16 - x_15"},{"type":"equation","equation":"x_18  =x_17  "},{"type":"equation","equation":"y_18 - y_17=y_17 - y_16"},{"type":"equation","equation":"x_19 - x_18=y_18 - y_17"},{"type":"equation","equation":"y_18 - y_18=y_16 - y_19"},{"type":"equation","equation":"x_20  =x_19  "},{"type":"equation","equation":"y_20 - y_19=x_19 - x_18"},{"type":"equation","equation":"x_21  =x_20  "},{"type":"equation","equation":"y_21 - y_20=y_20 - y_19"},{"type":"equation","equation":"x_22 - x_21=y_21 - y_20"},{"type":"equation","equation":"y_21 - y_21=y_19 - y_22"},{"type":"equation","equation":"x_23  =x_22  "},{"type":"equation","equation":"y_23 - y_22=x_22 - x_21"},{"type":"equation","equation":"x_24  =x_23  "},{"type":"equation","equation":"y_24 - y_23=y_23 - y_22"},{"type":"equation","equation":"x_25 - x_24=y_24 - y_23"},{"type":"equation","equation":"y_24 - y_24=y_22 - y_25"},{"type":"equation","equation":"x_26  =x_25  "},{"type":"equation","equation":"y_26 - y_25=x_25 - x_24"},{"type":"equation","equation":"x_27  =x_26  "},{"type":"equation","equation":"y_27 - y_26=y_26 - y_25"},{"type":"equation","equation":"x_28 - x_27=y_27 - y_26"},{"type":"equation","equation":"y_27 - y_27=y_25 - y_28"},{"type":"equation","equation":"x_29  =x_28  "},{"type":"equation","equation":"y_29 - y_28=x_28 - x_27"},{"type":"equation","equation":"x_30  =x_29  "},{"type":"equation","equation":"y_30 - y_29=y_29 - y_28"}]