[{"type":"element","name":"1","elementType":"CIRCLE","id":1,"x":139.61039557283223,"y":153.58456129866508,"shape":"","color":"green","w":60,"h":60,"lightness":400,"text":"明暗"},{"type":"element","name":"2","elementType":"CIRCLE","id":2,"x":282.0000000007013,"y":153.58451973206604,"shape":"","color":"green","w":60,"h":60,"lightness":400,"text":"明暗"},{"type":"element","name":"3","elementType":"CIRCLE","id":3,"x":77.05192536537076,"y":216.14294645679644,"shape":"","color":"green","w":50,"h":50,"lightness":200,"text":"明"},{"type":"element","name":"4","elementType":"CIRCLE","id":4,"x":170.88963685489657,"y":216.1429256933279,"shape":"","color":"green","w":50,"h":50,"lightness":600,"text":"暗"},{"type":"element","name":"5","elementType":"CIRCLE","id":5,"x":264.72729057887454,"y":216.14289453178878,"shape":"","color":"green","w":50,"h":50,"lightness":200,"text":"明"},{"type":"element","name":"6","elementType":"CIRCLE","id":6,"x":327.28567576778767,"y":216.14285299312047,"shape":"","color":"green","w":50,"h":50,"lightness":600,"text":"暗"},{"type":"element","name":"7","elementType":"CIRCLE","id":7,"x":77.05192341787381,"y":341.2596545453171,"shape":"","color":"green","w":60,"h":60,"lightness":200,"text":"明明"},{"type":"element","name":"8","elementType":"CIRCLE","id":8,"x":170.8896349073996,"y":341.25965454260995,"shape":"","color":"green","w":60,"h":60,"lightness":400,"text":"明暗"},{"type":"element","name":"9","elementType":"CIRCLE","id":9,"x":264.7272905769957,"y":341.25965453993985,"shape":"","color":"green","w":60,"h":60,"lightness":400,"text":"明暗"},{"type":"element","name":"10","elementType":"CIRCLE","id":10,"x":358.56494624337336,"y":341.2596545420113,"shape":"","color":"green","w":60,"h":60,"lightness":600,"text":"暗暗"},{"type":"element","name":"arrow-1-3","elementType":"ARROW","id":11,"pointerAtBeginning":false,"dashEnabled":false,"startElement":1,"endElement":3,"pointerAtEnding":true},{"type":"element","name":"arrow-1-4","elementType":"ARROW","id":12,"pointerAtBeginning":false,"dashEnabled":false,"startElement":1,"endElement":4,"pointerAtEnding":true},{"type":"element","name":"arrow-2-5","elementType":"ARROW","id":13,"pointerAtBeginning":false,"dashEnabled":false,"startElement":2,"endElement":5,"pointerAtEnding":true},{"type":"element","name":"arrow-2-6","elementType":"ARROW","id":14,"pointerAtBeginning":false,"dashEnabled":false,"startElement":2,"endElement":6,"pointerAtEnding":true},{"type":"element","name":"arrow-3-7","elementType":"ARROW","id":15,"pointerAtBeginning":false,"dashEnabled":false,"startElement":3,"endElement":7,"pointerAtEnding":true},{"type":"element","name":"arrow-3-8","elementType":"ARROW","id":16,"pointerAtBeginning":false,"dashEnabled":false,"startElement":3,"endElement":8,"pointerAtEnding":true},{"type":"element","name":"arrow-4-9","elementType":"ARROW","id":17,"pointerAtBeginning":false,"dashEnabled":false,"startElement":4,"endElement":9,"pointerAtEnding":true},{"type":"element","name":"arrow-4-10","elementType":"ARROW","id":18,"pointerAtBeginning":false,"dashEnabled":false,"startElement":4,"endElement":10,"pointerAtEnding":true},{"type":"element","name":"arrow-5-7","elementType":"ARROW","id":19,"pointerAtBeginning":false,"dashEnabled":false,"startElement":5,"endElement":7,"pointerAtEnding":true},{"type":"element","name":"arrow-5-9","elementType":"ARROW","id":20,"pointerAtBeginning":false,"dashEnabled":false,"startElement":5,"endElement":9,"pointerAtEnding":true},{"type":"element","name":"arrow-6-8","elementType":"ARROW","id":21,"pointerAtBeginning":false,"dashEnabled":false,"startElement":6,"endElement":8,"pointerAtEnding":true},{"type":"element","name":"arrow-6-10","elementType":"ARROW","id":22,"pointerAtBeginning":false,"dashEnabled":false,"startElement":6,"endElement":10,"pointerAtEnding":true},{"type":"attribute","name":"const_dis","element":0,"val":62.55844749366943},{"type":"attribute","name":"randu6fr04vcqv","element":0,"val":139.61039557019456},{"type":"attribute","name":"randlkljddsfd7","element":0,"val":281.9999999993012},{"type":"attribute","name":"randhqsbg2x1k16","element":0,"val":153.58456129866502},{"type":"attribute","name":"randu6wao78w91","element":0,"val":153.58451973206567},{"type":"attribute","name":"randqvi8g7cionh","element":0,"val":216.14294645679664},{"type":"attribute","name":"randi00apizqm2c","element":0,"val":216.1429256933282},{"type":"attribute","name":"randfnwht304xh","element":0,"val":216.142894531789},{"type":"attribute","name":"rand3elo7cgx6x3","element":0,"val":216.14285299312078},{"type":"attribute","name":"randyvbs1q38mjo","element":0,"val":77.05192276870804},{"type":"attribute","name":"randyaabtb3q85j","element":0,"val":264.7272905785149},{"type":"attribute","name":"randysvhjw1rodq","element":0,"val":358.56494624230015},{"type":"attribute","name":"randtoge5rh5wsl","element":0,"val":341.25965454270215},{"type":"attribute","name":"randv83eikaxjba","element":0,"val":327.28567576778767},{"type":"equation","equation":"x_1  =randu6fr04vcqv_0  "},{"type":"equation","equation":"x_2  =randlkljddsfd7_0  "},{"type":"equation","equation":"x_7  =x_3  "},{"type":"equation","equation":"y_8  =y_7  "},{"type":"equation","equation":"x_8 - x_8=x_5 - x_9"},{"type":"equation","equation":"y_8  =y_9  "},{"type":"equation","equation":"x_8 - x_9=x_9 - x_10"},{"type":"equation","equation":"y_10  =y_9  "},{"type":"equation","equation":"y_1  =randhqsbg2x1k16_0  "},{"type":"equation","equation":"y_2  =randu6wao78w91_0  "},{"type":"equation","equation":"y_3  =randqvi8g7cionh_0  "},{"type":"equation","equation":"y_4  =randi00apizqm2c_0  "},{"type":"equation","equation":"y_5  =randfnwht304xh_0  "},{"type":"equation","equation":"y_6  =rand3elo7cgx6x3_0  "},{"type":"equation","equation":"x_7  =randyvbs1q38mjo_0  "},{"type":"equation","equation":"x_9  =randyaabtb3q85j_0  "},{"type":"equation","equation":"x_10  =randysvhjw1rodq_0  "},{"type":"equation","equation":"y_10  =randtoge5rh5wsl_0  "},{"type":"equation","equation":"x_3 - x_4=x_7 - x_8"},{"type":"equation","equation":"x_6  =randv83eikaxjba_0  "}]