[{"type":"element","name":"1","elementType":"RECTANGLE","id":1,"x":114.5714416499299,"y":173.7142944336673,"shape":"","w":100,"h":30,"color":"blue","lightness":200,"text":"前馈网络"},{"type":"element","name":"2","elementType":"RECTANGLE","id":2,"x":229.57144165000818,"y":173.7142944336668,"shape":"","w":100,"h":30,"color":"orange","lightness":200,"text":"叠加与归一化"},{"type":"element","name":"3","elementType":"RECTANGLE","id":3,"x":229.57144165014296,"y":243.71429443360356,"shape":"","w":100,"h":30,"color":"orange","lightness":400,"text":"多头注意力"},{"type":"element","name":"4","elementType":"RECTANGLE","id":4,"x":229.57144165016103,"y":313.71429443340475,"shape":"","w":100,"h":30,"color":"grey","lightness":500,"text":"合并"},{"type":"element","name":"5","elementType":"RECTANGLE","id":5,"x":114.57144165017056,"y":313.7142944333979,"shape":"","w":100,"h":30,"color":"pink","lightness":200,"text":"输入编码"},{"type":"element","name":"6","elementType":"RECTANGLE","id":6,"x":114.57144165036254,"y":243.71429443361959,"shape":"","w":100,"h":30,"color":"orange","lightness":200,"text":"叠加与归一化"},{"type":"element","name":"7","elementType":"RECTANGLE","id":7,"x":229.57144165017635,"y":103.71429443393806,"shape":"","w":100,"h":30,"color":"green","lightness":200,"text":"编码器输出"},{"type":"element","name":"8","elementType":"RECTANGLE","id":8,"x":229.57144165017635,"y":383.7142944331763,"shape":"","w":100,"h":30,"color":"pink","lightness":200,"text":"坐标编码"},{"type":"element","name":"arrow-8-4","elementType":"ARROW","id":9,"pointerAtBeginning":false,"dashEnabled":false,"startElement":8,"endElement":4,"pointerAtEnding":true},{"type":"element","name":"arrow-5-4","elementType":"ARROW","id":10,"pointerAtBeginning":false,"dashEnabled":false,"startElement":5,"endElement":4,"pointerAtEnding":true},{"type":"element","name":"arrow-4-6","elementType":"ARROW","id":11,"pointerAtBeginning":false,"dashEnabled":false,"startElement":4,"endElement":6,"pointerAtEnding":true},{"type":"element","name":"arrow-3-6","elementType":"ARROW","id":12,"pointerAtBeginning":false,"dashEnabled":false,"startElement":3,"endElement":6,"pointerAtEnding":true},{"type":"element","name":"arrow-6-2","elementType":"ARROW","id":13,"pointerAtBeginning":false,"dashEnabled":false,"startElement":6,"endElement":2,"pointerAtEnding":true},{"type":"element","name":"arrow-6-1","elementType":"ARROW","id":14,"pointerAtBeginning":false,"dashEnabled":false,"startElement":6,"endElement":1,"pointerAtEnding":true},{"type":"element","name":"arrow-2-7","elementType":"ARROW","id":15,"pointerAtBeginning":false,"dashEnabled":false,"startElement":2,"endElement":7,"pointerAtEnding":true},{"type":"element","name":"arrow-1-2","elementType":"ARROW","id":16,"pointerAtBeginning":false,"dashEnabled":false,"startElement":1,"endElement":2,"pointerAtEnding":true},{"type":"element","name":"arrow-4-3","elementType":"ARROW","id":17,"pointerAtBeginning":false,"dashEnabled":false,"startElement":4,"endElement":3,"pointerAtEnding":true},{"type":"attribute","name":"const_dis","element":0,"val":115.00000000006484},{"type":"attribute","name":"randk801xun6x2p","element":0,"val":114.57144164980498},{"type":"attribute","name":"rand9yd8q5khrei","element":0,"val":173.71429443337976},{"type":"attribute","name":"randblsgki5q4b9","element":0,"val":243.71429443387836},{"type":"equation","equation":"x_1  =randk801xun6x2p_0  "},{"type":"equation","equation":"y_1  =rand9yd8q5khrei_0  "},{"type":"equation","equation":"x_2  =x_1 + const_dis_0"},{"type":"equation","equation":"y_2  =y_1  "},{"type":"equation","equation":"x_3  =x_2  "},{"type":"equation","equation":"y_3  =randblsgki5q4b9_0  "},{"type":"equation","equation":"x_4  =x_3  "},{"type":"equation","equation":"y_4 - y_3=y_3 - y_2"},{"type":"equation","equation":"x_5  =x_1  "},{"type":"equation","equation":"y_5  =y_4  "},{"type":"equation","equation":"x_6  =x_5  "},{"type":"equation","equation":"y_6  =y_3  "},{"type":"equation","equation":"x_7  =x_4  "},{"type":"equation","equation":"y_7 - y_2=y_6 - y_5"},{"type":"equation","equation":"x_8  =x_7  "},{"type":"equation","equation":"y_8 - y_5=y_5 - y_6"}]