[{"type":"element","name":"1","elementType":"CIRCLE","id":1,"x":139.14286804229718,"y":293.42858886716226,"shape":"","w":10,"h":10,"color":"grey","lightness":900,"text":""},{"type":"element","name":"2","elementType":"CIRCLE","id":2,"x":134.8571548461538,"y":156.00000762942582,"shape":"","w":10,"h":10,"color":"grey","lightness":900,"text":""},{"type":"element","name":"3","elementType":"CIRCLE","id":3,"x":272.285736083875,"y":293.428588866952,"shape":"","w":10,"h":10,"color":"grey","lightness":900,"text":""},{"type":"element","name":"4","elementType":"CIRCLE","id":4,"x":272.28573608437574,"y":156.00000762924125,"shape":"","w":10,"h":10,"color":"grey","lightness":900,"text":""},{"type":"element","name":"5","elementType":"CIRCLE","id":5,"x":184.8571472167833,"y":106.00001525875439,"shape":"","w":10,"h":10,"color":"grey","lightness":900,"text":""},{"type":"element","name":"6","elementType":"CIRCLE","id":6,"x":322.28572845498354,"y":106.00001525875714,"shape":"","w":10,"h":10,"color":"grey","lightness":900,"text":""},{"type":"element","name":"7","elementType":"CIRCLE","id":7,"x":184.85714721692278,"y":247.7143096926498,"shape":"","w":10,"h":10,"color":"grey","lightness":900,"text":""},{"type":"element","name":"8","elementType":"CIRCLE","id":8,"x":318.00001525840025,"y":247.71430969264702,"shape":"","w":10,"h":10,"color":"grey","lightness":900,"text":""},{"type":"element","name":"arrow-1-3","elementType":"ARROW","id":9,"pointerAtBeginning":false,"dashEnabled":false,"startElement":1,"endElement":3,"pointerAtEnding":false},{"type":"element","name":"arrow-1-2","elementType":"ARROW","id":10,"pointerAtBeginning":false,"dashEnabled":false,"startElement":1,"endElement":2,"pointerAtEnding":false},{"type":"element","name":"arrow-3-4","elementType":"ARROW","id":11,"pointerAtBeginning":false,"dashEnabled":false,"startElement":3,"endElement":4,"pointerAtEnding":false},{"type":"element","name":"arrow-2-4","elementType":"ARROW","id":12,"pointerAtBeginning":false,"dashEnabled":false,"startElement":2,"endElement":4,"pointerAtEnding":false},{"type":"element","name":"arrow-2-5","elementType":"ARROW","id":13,"pointerAtBeginning":false,"dashEnabled":false,"startElement":2,"endElement":5,"pointerAtEnding":false},{"type":"element","name":"arrow-5-6","elementType":"ARROW","id":14,"pointerAtBeginning":false,"dashEnabled":false,"startElement":5,"endElement":6,"pointerAtEnding":false},{"type":"element","name":"arrow-6-8","elementType":"ARROW","id":15,"pointerAtBeginning":false,"dashEnabled":false,"startElement":6,"endElement":8,"pointerAtEnding":false},{"type":"element","name":"arrow-3-8","elementType":"ARROW","id":16,"pointerAtBeginning":false,"dashEnabled":false,"startElement":3,"endElement":8,"pointerAtEnding":false},{"type":"element","name":"arrow-4-6","elementType":"ARROW","id":17,"pointerAtBeginning":false,"dashEnabled":false,"startElement":4,"endElement":6,"pointerAtEnding":false},{"type":"element","name":"arrow-7-8","elementType":"ARROW","id":18,"pointerAtBeginning":false,"dashEnabled":true,"startElement":7,"endElement":8,"pointerAtEnding":false},{"type":"element","name":"arrow-5-7","elementType":"ARROW","id":19,"pointerAtBeginning":false,"dashEnabled":true,"startElement":5,"endElement":7,"pointerAtEnding":false},{"type":"element","name":"arrow-1-7","elementType":"ARROW","id":20,"pointerAtBeginning":false,"dashEnabled":true,"startElement":1,"endElement":7,"pointerAtEnding":false},{"type":"element","name":"arrow-5-3","elementType":"ARROW","id":21,"pointerAtBeginning":false,"dashEnabled":true,"startElement":5,"endElement":3,"pointerAtEnding":false},{"type":"element","name":"arrow-2-8","elementType":"ARROW","id":22,"pointerAtBeginning":false,"dashEnabled":true,"startElement":2,"endElement":8,"pointerAtEnding":false},{"type":"element","name":"arrow-1-6","elementType":"ARROW","id":23,"pointerAtBeginning":false,"dashEnabled":true,"startElement":1,"endElement":6,"pointerAtEnding":false},{"type":"element","name":"24","elementType":"CIRCLE","id":24,"x":230.71429824864038,"y":199.71430206295966,"shape":"","w":10,"h":10,"color":"red","lightness":900,"text":""},{"type":"attribute","name":"const_dis","element":0,"val":65},{"type":"attribute","name":"randsmb9n93q7t","element":0,"val":139.14286804225662},{"type":"attribute","name":"randqxnm65kevd","element":0,"val":293.42858886715425},{"type":"attribute","name":"rand3erywiygjcw","element":0,"val":156.00000762959965},{"type":"attribute","name":"randj03k65tn56","element":0,"val":184.85714721681302},{"type":"attribute","name":"randsm59qmgy8zb","element":0,"val":106.00001525875548},{"type":"attribute","name":"randl4vg2avcpl","element":0,"val":247.71430969264458},{"type":"equation","equation":"x_1  =randsmb9n93q7t_0  "},{"type":"equation","equation":"y_1  =randqxnm65kevd_0  "},{"type":"equation","equation":"y_2  =rand3erywiygjcw_0  "},{"type":"equation","equation":"x_3 - x_2=y_1 - y_2"},{"type":"equation","equation":"y_3  =y_1  "},{"type":"equation","equation":"x_4  =x_3  "},{"type":"equation","equation":"x_5  =randj03k65tn56_0  "},{"type":"equation","equation":"y_5  =randsm59qmgy8zb_0  "},{"type":"equation","equation":"y_6  =y_5  "},{"type":"equation","equation":"x_7  =x_5  "},{"type":"equation","equation":"y_8  =y_7  "},{"type":"equation","equation":"x_2 - x_5=y_5 - y_2"},{"type":"equation","equation":"y_8  =randl4vg2avcpl_0  "},{"type":"equation","equation":"x_5 - x_6=x_2 - x_4"},{"type":"equation","equation":"x_7 - x_8=x_1 - x_3"},{"type":"equation","equation":"y_4 - y_3=y_2 - y_1"},{"type":"equation","equation":"x_1 - x_24=x_24 - x_6"},{"type":"equation","equation":"y_1 - y_24=y_24 - y_6"}]