[{"type":"element","name":"1","elementType":"RECTANGLE","id":1,"x":131.99999999969106,"y":183.1428833009415,"shape":"","w":40,"h":40,"color":"red","lightness":400,"text":""},{"type":"element","name":"2","elementType":"RECTANGLE","id":2,"x":171.99999999965507,"y":183.1428833008583,"shape":"","w":40,"h":40,"color":"red","lightness":400,"text":""},{"type":"element","name":"3","elementType":"RECTANGLE","id":3,"x":211.99999999958564,"y":183.14288330078273,"shape":"","w":40,"h":40,"color":"red","lightness":400,"text":""},{"type":"element","name":"4","elementType":"RECTANGLE","id":4,"x":251.99999999956086,"y":183.14288330094885,"shape":"","w":40,"h":40,"color":"red","lightness":400,"text":""},{"type":"element","name":"5","elementType":"RECTANGLE","id":5,"x":291.9999999996005,"y":183.14288330084258,"shape":"","w":40,"h":40,"color":"red","lightness":400,"text":""},{"type":"element","name":"6","elementType":"RECTANGLE","id":6,"x":91.99999999983015,"y":183.14288330078517,"shape":"","w":40,"h":40,"color":"green","lightness":400,"text":"1"},{"type":"element","name":"7","elementType":"RECTANGLE","id":7,"x":91.99999999984745,"y":223.1428833006298,"shape":"","w":40,"h":40,"color":"blue","lightness":400,"text":"0"},{"type":"element","name":"8","elementType":"RECTANGLE","id":8,"x":131.99999999969106,"y":223.1428833006213,"shape":"","w":40,"h":40,"color":"green","lightness":400,"text":"1"},{"type":"element","name":"9","elementType":"RECTANGLE","id":9,"x":171.99999999955529,"y":223.14288330059904,"shape":"","w":40,"h":40,"color":"red","lightness":400,"text":""},{"type":"element","name":"10","elementType":"RECTANGLE","id":10,"x":211.99999999942767,"y":223.14288330061407,"shape":"","w":40,"h":40,"color":"red","lightness":400,"text":""},{"type":"element","name":"11","elementType":"RECTANGLE","id":11,"x":251.99999999923796,"y":223.14288330064034,"shape":"","w":40,"h":40,"color":"red","lightness":400,"text":""},{"type":"element","name":"12","elementType":"RECTANGLE","id":12,"x":291.99999999910534,"y":223.1428833006571,"shape":"","w":40,"h":40,"color":"red","lightness":400,"text":""},{"type":"element","name":"13","elementType":"RECTANGLE","id":13,"x":91.99999999988027,"y":263.14288330051676,"shape":"","w":40,"h":40,"color":"blue","lightness":400,"text":"0"},{"type":"element","name":"14","elementType":"RECTANGLE","id":14,"x":131.9999999997608,"y":263.1428833005203,"shape":"","w":40,"h":40,"color":"blue","lightness":400,"text":"0"},{"type":"element","name":"15","elementType":"RECTANGLE","id":15,"x":171.9999999996277,"y":263.1428833005233,"shape":"","w":40,"h":40,"color":"blue","lightness":400,"text":"0"},{"type":"element","name":"16","elementType":"RECTANGLE","id":16,"x":211.99999999942634,"y":263.1428833005296,"shape":"","w":40,"h":40,"color":"green","lightness":400,"text":"1"},{"type":"element","name":"17","elementType":"RECTANGLE","id":17,"x":251.99999999928372,"y":263.1428833005307,"shape":"","w":40,"h":40,"color":"red","lightness":400,"text":""},{"type":"element","name":"18","elementType":"RECTANGLE","id":18,"x":291.99999999907385,"y":263.1428833005279,"shape":"","w":40,"h":40,"color":"red","lightness":400,"text":""},{"type":"element","name":"19","elementType":"RECTANGLE","id":19,"x":91.99999999994154,"y":303.1428833003412,"shape":"","w":40,"h":40,"color":"blue","lightness":400,"text":"0"},{"type":"element","name":"20","elementType":"RECTANGLE","id":20,"x":131.99999999973664,"y":303.1428833003354,"shape":"","w":40,"h":40,"color":"blue","lightness":400,"text":"0"},{"type":"element","name":"21","elementType":"RECTANGLE","id":21,"x":171.9999999995501,"y":303.1428833003365,"shape":"","w":40,"h":40,"color":"blue","lightness":400,"text":"0"},{"type":"element","name":"22","elementType":"RECTANGLE","id":22,"x":211.9999999993264,"y":303.1428833003385,"shape":"","w":40,"h":40,"color":"blue","lightness":400,"text":"0"},{"type":"element","name":"23","elementType":"RECTANGLE","id":23,"x":251.99999999910727,"y":303.14288330034077,"shape":"","w":40,"h":40,"color":"green","lightness":400,"text":"1"},{"type":"element","name":"24","elementType":"RECTANGLE","id":24,"x":291.99999999886245,"y":303.1428833003432,"shape":"","w":40,"h":40,"color":"red","lightness":400,"text":""},{"type":"element","name":"25","elementType":"RECTANGLE","id":25,"x":91.99999999995303,"y":103.14288330143224,"shape":"","w":40,"h":40,"color":"green","lightness":400,"text":""},{"type":"element","name":"26","elementType":"RECTANGLE","id":26,"x":131.99999999974492,"y":103.14288330143536,"shape":"","w":40,"h":40,"color":"green","lightness":400,"text":""},{"type":"element","name":"27","elementType":"RECTANGLE","id":27,"x":171.99999999955656,"y":103.14288330143765,"shape":"","w":40,"h":40,"color":"red","lightness":400,"text":""},{"type":"element","name":"28","elementType":"RECTANGLE","id":28,"x":211.99999999934943,"y":103.14288330143954,"shape":"","w":40,"h":40,"color":"green","lightness":400,"text":""},{"type":"element","name":"29","elementType":"RECTANGLE","id":29,"x":251.9999999991504,"y":103.1428833014401,"shape":"","w":40,"h":40,"color":"green","lightness":400,"text":""},{"type":"element","name":"30","elementType":"RECTANGLE","id":30,"x":271.9999999990067,"y":103.14288330144001,"shape":"","w":40,"h":40,"color":"red","lightness":400,"text":""},{"type":"element","name":"arrow-6-25","elementType":"ARROW","id":31,"pointerAtBeginning":false,"dashEnabled":true,"startElement":6,"endElement":25,"pointerAtEnding":true},{"type":"element","name":"arrow-8-26","elementType":"ARROW","id":32,"pointerAtBeginning":false,"dashEnabled":true,"startElement":8,"endElement":26,"pointerAtEnding":true},{"type":"element","name":"arrow-16-28","elementType":"ARROW","id":33,"pointerAtBeginning":false,"dashEnabled":true,"startElement":16,"endElement":28,"pointerAtEnding":true},{"type":"element","name":"arrow-23-29","elementType":"ARROW","id":34,"pointerAtBeginning":false,"dashEnabled":true,"startElement":23,"endElement":29,"pointerAtEnding":true},{"type":"attribute","name":"const_dis","element":0,"val":39.99999999994492},{"type":"attribute","name":"randoe4vhlaa1x","element":0,"val":131.99999999967008},{"type":"attribute","name":"randqr6een5kdkq","element":0,"val":183.14288330096497},{"type":"equation","equation":"x_1  =randoe4vhlaa1x_0  "},{"type":"equation","equation":"y_1  =randqr6een5kdkq_0  "},{"type":"equation","equation":"x_2  =x_1 + const_dis_0"},{"type":"equation","equation":"y_2  =y_1  "},{"type":"equation","equation":"x_3 - x_2=x_2 - x_1"},{"type":"equation","equation":"y_3  =y_2  "},{"type":"equation","equation":"x_4 - x_3=x_3 - x_2"},{"type":"equation","equation":"y_4  =y_3  "},{"type":"equation","equation":"x_3 - x_4=x_4 - x_5"},{"type":"equation","equation":"y_5  =y_4  "},{"type":"equation","equation":"x_4 - x_2=x_2 - x_6"},{"type":"equation","equation":"y_6  =y_5  "},{"type":"equation","equation":"x_7  =x_6  "},{"type":"equation","equation":"y_7 - y_6=x_1 - x_6"},{"type":"equation","equation":"x_8 - x_7=y_7 - y_6"},{"type":"equation","equation":"y_8  =y_7  "},{"type":"equation","equation":"x_9 - x_8=x_8 - x_7"},{"type":"equation","equation":"y_9  =y_8  "},{"type":"equation","equation":"x_10 - x_9=x_9 - x_8"},{"type":"equation","equation":"y_10  =y_9  "},{"type":"equation","equation":"x_11 - x_10=x_10 - x_9"},{"type":"equation","equation":"y_11  =y_10  "},{"type":"equation","equation":"x_12 - x_11=x_11 - x_10"},{"type":"equation","equation":"y_12  =y_11  "},{"type":"equation","equation":"x_12 - x_12=x_7 - x_13"},{"type":"equation","equation":"y_13 - y_12=x_12 - x_11"},{"type":"equation","equation":"x_14 - x_13=y_13 - y_12"},{"type":"equation","equation":"y_14  =y_13  "},{"type":"equation","equation":"x_15 - x_14=x_14 - x_13"},{"type":"equation","equation":"y_15  =y_14  "},{"type":"equation","equation":"x_16 - x_15=x_15 - x_14"},{"type":"equation","equation":"y_16  =y_15  "},{"type":"equation","equation":"x_17 - x_16=x_16 - x_15"},{"type":"equation","equation":"y_17  =y_16  "},{"type":"equation","equation":"x_18 - x_17=x_17 - x_16"},{"type":"equation","equation":"y_18  =y_17  "},{"type":"equation","equation":"x_18 - x_18=x_13 - x_19"},{"type":"equation","equation":"y_19 - y_18=x_18 - x_17"},{"type":"equation","equation":"x_20 - x_19=y_19 - y_18"},{"type":"equation","equation":"y_20  =y_19  "},{"type":"equation","equation":"x_21 - x_20=x_20 - x_19"},{"type":"equation","equation":"y_21  =y_20  "},{"type":"equation","equation":"x_22 - x_21=x_21 - x_20"},{"type":"equation","equation":"y_22  =y_21  "},{"type":"equation","equation":"x_23 - x_22=x_22 - x_21"},{"type":"equation","equation":"y_23  =y_22  "},{"type":"equation","equation":"x_24 - x_23=x_23 - x_22"},{"type":"equation","equation":"y_24  =y_23  "},{"type":"equation","equation":"x_24 - x_24=x_19 - x_25"},{"type":"equation","equation":"x_24 - x_19=y_24 - y_25"},{"type":"equation","equation":"x_26 - x_25=x_21 - x_20"},{"type":"equation","equation":"y_26  =y_25  "},{"type":"equation","equation":"x_27 - x_26=x_26 - x_25"},{"type":"equation","equation":"y_27  =y_26  "},{"type":"equation","equation":"x_28 - x_27=x_27 - x_26"},{"type":"equation","equation":"y_28  =y_27  "},{"type":"equation","equation":"x_29 - x_28=x_28 - x_27"},{"type":"equation","equation":"y_29  =y_28  "},{"type":"equation","equation":"x_30 - x_24=x_29 - x_30"},{"type":"equation","equation":"y_30  =y_29  "}]