[{"type":"element","name":"1","elementType":"CIRCLE","id":1,"x":152.78571645948844,"y":163.14272889869304,"shape":"","w":60,"h":60,"color":"green","lightness":400,"text":"明暗"},{"type":"element","name":"2","elementType":"CIRCLE","id":2,"x":241.6429586421012,"y":163.14272890700477,"shape":"","w":60,"h":60,"color":"green","lightness":400,"text":"明暗"},{"type":"element","name":"3","elementType":"CIRCLE","id":3,"x":152.7857164780745,"y":251.9999710660623,"shape":"","w":50,"h":50,"color":"green","lightness":600,"text":"暗"},{"type":"element","name":"4","elementType":"CIRCLE","id":4,"x":241.64295864016776,"y":251.9999710771756,"shape":"","w":50,"h":50,"color":"green","lightness":200,"text":"明"},{"type":"element","name":"5","elementType":"CIRCLE","id":5,"x":326.0000943553021,"y":251.99997107053525,"shape":"","w":50,"h":50,"color":"green","lightness":600,"text":"暗"},{"type":"element","name":"6","elementType":"CIRCLE","id":6,"x":68.42858077024329,"y":251.9999710691646,"shape":"","w":50,"h":50,"color":"green","lightness":200,"text":"明暗"},{"type":"element","name":"7","elementType":"CIRCLE","id":7,"x":68.4285807564408,"y":340.85721322680257,"shape":"","w":60,"h":60,"color":"green","lightness":200,"text":"明"},{"type":"element","name":"8","elementType":"CIRCLE","id":8,"x":152.7857164673738,"y":340.85721324159493,"shape":"","w":60,"h":60,"color":"green","lightness":400,"text":"明暗"},{"type":"element","name":"9","elementType":"CIRCLE","id":9,"x":241.64295863042742,"y":340.857213240652,"shape":"","w":60,"h":60,"color":"green","lightness":400,"text":"明暗"},{"type":"element","name":"10","elementType":"CIRCLE","id":10,"x":330.5002008218091,"y":340.8572132321853,"shape":"","w":60,"h":60,"color":"green","lightness":600,"text":"暗"},{"type":"element","name":"arrow-1-6","elementType":"ARROW","id":11,"pointerAtBeginning":false,"dashEnabled":false,"startElement":1,"endElement":6,"pointerAtEnding":true},{"type":"element","name":"arrow-1-3","elementType":"ARROW","id":12,"pointerAtBeginning":false,"dashEnabled":false,"startElement":1,"endElement":3,"pointerAtEnding":true},{"type":"element","name":"arrow-2-4","elementType":"ARROW","id":13,"pointerAtBeginning":false,"dashEnabled":false,"startElement":2,"endElement":4,"pointerAtEnding":true},{"type":"element","name":"arrow-2-5","elementType":"ARROW","id":14,"pointerAtBeginning":false,"dashEnabled":false,"startElement":2,"endElement":5,"pointerAtEnding":true},{"type":"element","name":"arrow-6-7","elementType":"ARROW","id":15,"pointerAtBeginning":false,"dashEnabled":false,"startElement":6,"endElement":7,"pointerAtEnding":true},{"type":"element","name":"arrow-6-8","elementType":"ARROW","id":16,"pointerAtBeginning":false,"dashEnabled":false,"startElement":6,"endElement":8,"pointerAtEnding":true},{"type":"element","name":"arrow-3-9","elementType":"ARROW","id":17,"pointerAtBeginning":false,"dashEnabled":false,"startElement":3,"endElement":9,"pointerAtEnding":true},{"type":"element","name":"arrow-3-10","elementType":"ARROW","id":18,"pointerAtBeginning":false,"dashEnabled":false,"startElement":3,"endElement":10,"pointerAtEnding":true},{"type":"element","name":"arrow-4-7","elementType":"ARROW","id":19,"pointerAtBeginning":false,"dashEnabled":false,"startElement":4,"endElement":7,"pointerAtEnding":true},{"type":"element","name":"arrow-4-9","elementType":"ARROW","id":20,"pointerAtBeginning":false,"dashEnabled":false,"startElement":4,"endElement":9,"pointerAtEnding":true},{"type":"element","name":"arrow-5-8","elementType":"ARROW","id":21,"pointerAtBeginning":false,"dashEnabled":false,"startElement":5,"endElement":8,"pointerAtEnding":true},{"type":"element","name":"arrow-5-10","elementType":"ARROW","id":22,"pointerAtBeginning":false,"dashEnabled":false,"startElement":5,"endElement":10,"pointerAtEnding":true},{"type":"attribute","name":"const_dis","element":0,"val":84.3571357101672},{"type":"attribute","name":"rand8opc7xe8wto","element":0,"val":152.78571646978622},{"type":"attribute","name":"randbytbipivj7a","element":0,"val":163.1427289100496},{"type":"attribute","name":"randvqupztwbnz","element":0,"val":241.64295862412743},{"type":"equation","equation":"x_1  =rand8opc7xe8wto_0  "},{"type":"equation","equation":"y_1  =randbytbipivj7a_0  "},{"type":"equation","equation":"y_2  =y_1  "},{"type":"equation","equation":"x_2  =randvqupztwbnz_0  "},{"type":"equation","equation":"x_3  =x_1  "},{"type":"equation","equation":"y_3 - y_2=x_2 - x_1"},{"type":"equation","equation":"x_4  =x_2  "},{"type":"equation","equation":"y_4  =y_3  "},{"type":"equation","equation":"x_5  =x_4 + const_dis_0"},{"type":"equation","equation":"y_5  =y_4  "},{"type":"equation","equation":"x_6 - x_3=x_4 - x_5"},{"type":"equation","equation":"y_6  =y_5  "},{"type":"equation","equation":"x_7  =x_6  "},{"type":"equation","equation":"y_7 - y_6=y_6 - y_2"},{"type":"equation","equation":"x_8  =x_3  "},{"type":"equation","equation":"y_8  =y_7  "},{"type":"equation","equation":"x_9 - x_8=y_8 - y_6"},{"type":"equation","equation":"y_9  =y_8  "},{"type":"equation","equation":"x_9 - x_10=y_6 - y_9"},{"type":"equation","equation":"y_10  =y_9  "}]