[{"type":"element","name":"1","elementType":"RECTANGLE","id":1,"x":97.42857333317802,"y":203.1428830695627,"text":"叠加与归一化","w":100,"h":30,"color":"yellow","lightness":400},{"type":"element","name":"2","elementType":"RECTANGLE","id":2,"x":97.42857333315028,"y":134.57145690917062,"text":"前馈网络","w":100,"h":30,"color":"blue","lightness":400},{"type":"element","name":"3","elementType":"RECTANGLE","id":3,"x":97.42857333310981,"y":271.7143092301124,"text":"输入编码","w":100,"h":30,"color":"purple","lightness":400},{"type":"element","name":"4","elementType":"RECTANGLE","id":4,"x":234.5714256539956,"y":203.14288306962928,"text":"多头注意力","w":100,"h":30,"color":"yellow","lightness":700},{"type":"element","name":"5","elementType":"RECTANGLE","id":5,"x":234.57142565403507,"y":134.57145690891895,"text":"叠加与归一化","w":100,"h":30,"color":"yellow","lightness":400},{"type":"element","name":"6","elementType":"RECTANGLE","id":6,"x":234.57142565398144,"y":66.00003074806307,"text":"编码器输出","w":100,"h":30,"color":"green","lightness":400},{"type":"element","name":"7","elementType":"RECTANGLE","id":7,"x":234.57142565395628,"y":271.7143092305492,"text":"合并","w":100,"h":30,"color":"purple","lightness":700},{"type":"element","name":"8","elementType":"RECTANGLE","id":8,"x":234.57142565395628,"y":340.2857353914049,"text":"坐标编码","w":100,"h":30,"color":"purple","lightness":400},{"type":"element","name":"arrow-1-2","elementType":"ARROW","id":9,"pointerAtBeginning":false,"dashEnabled":false,"startElement":1,"endElement":2,"pointerAtEnding":true},{"type":"element","name":"arrow-4-1","elementType":"ARROW","id":10,"pointerAtBeginning":false,"dashEnabled":false,"startElement":4,"endElement":1,"pointerAtEnding":true},{"type":"element","name":"arrow-1-5","elementType":"ARROW","id":11,"pointerAtBeginning":false,"dashEnabled":false,"startElement":1,"endElement":5,"pointerAtEnding":true},{"type":"element","name":"arrow-2-5","elementType":"ARROW","id":12,"pointerAtBeginning":false,"dashEnabled":false,"startElement":2,"endElement":5,"pointerAtEnding":true},{"type":"element","name":"arrow-5-6","elementType":"ARROW","id":13,"pointerAtBeginning":false,"dashEnabled":false,"startElement":5,"endElement":6,"pointerAtEnding":true},{"type":"element","name":"arrow-7-4","elementType":"ARROW","id":14,"pointerAtBeginning":false,"dashEnabled":false,"startElement":7,"endElement":4,"pointerAtEnding":true},{"type":"element","name":"arrow-8-7","elementType":"ARROW","id":15,"pointerAtBeginning":false,"dashEnabled":false,"startElement":8,"endElement":7,"pointerAtEnding":true},{"type":"element","name":"arrow-3-7","elementType":"ARROW","id":16,"pointerAtBeginning":false,"dashEnabled":false,"startElement":3,"endElement":7,"pointerAtEnding":true},{"type":"element","name":"arrow-7-1","elementType":"ARROW","id":17,"pointerAtBeginning":false,"dashEnabled":false,"startElement":7,"endElement":1,"pointerAtEnding":true},{"type":"attribute","name":"const_dis","element":0,"val":115.00000000000001},{"type":"attribute","name":"randib2qi0u99qb","element":0,"val":97.42857333319212},{"type":"attribute","name":"randp7zs8cjmp5","element":0,"val":203.14288306956104},{"type":"attribute","name":"randfqq1s5jdn18","element":0,"val":134.5714569091601},{"type":"equation","equation":"x_1  =randib2qi0u99qb_0  "},{"type":"equation","equation":"y_1  =randp7zs8cjmp5_0  "},{"type":"equation","equation":"x_2  =x_1  "},{"type":"equation","equation":"y_2  =randfqq1s5jdn18_0  "},{"type":"equation","equation":"x_3  =x_2  "},{"type":"equation","equation":"y_3 - y_1=y_1 - y_2"},{"type":"equation","equation":"y_4  =y_1  "},{"type":"equation","equation":"x_3 - x_4=y_2 - y_3"},{"type":"equation","equation":"y_4  =y_1  "},{"type":"equation","equation":"x_5  =x_4  "},{"type":"equation","equation":"y_5 - y_4=y_4 - y_3"},{"type":"equation","equation":"x_6  =x_5  "},{"type":"equation","equation":"y_6 - y_5=y_5 - y_4"},{"type":"equation","equation":"x_7  =x_6  "},{"type":"equation","equation":"y_7 - y_4=y_5 - y_6"},{"type":"equation","equation":"x_8  =x_7  "},{"type":"equation","equation":"y_6 - y_7=y_5 - y_8"}]