[{"type":"element","name":"1","elementType":"CIRCLE","id":1,"x":120.28568258051423,"y":269.71430945031994,"shape":"","w":10,"h":10,"color":"grey","lightness":900,"text":""},{"type":"element","name":"2","elementType":"CIRCLE","id":2,"x":259.4285582638781,"y":269.714309450234,"shape":"","w":10,"h":10,"color":"grey","lightness":900,"text":""},{"type":"element","name":"3","elementType":"CIRCLE","id":3,"x":307.42858886856027,"y":240.8571472161378,"shape":"","w":10,"h":10,"color":"grey","lightness":900,"text":""},{"type":"element","name":"4","elementType":"CIRCLE","id":4,"x":168.2857131852921,"y":240.85714721617785,"shape":"","w":10,"h":10,"color":"grey","lightness":900,"text":""},{"type":"element","name":"5","elementType":"CIRCLE","id":5,"x":120.28568258025224,"y":130.57143376713938,"shape":"","w":10,"h":10,"color":"grey","lightness":900,"text":""},{"type":"element","name":"6","elementType":"CIRCLE","id":6,"x":259.42855826417326,"y":130.57143376746959,"shape":"","w":10,"h":10,"color":"grey","lightness":900,"text":""},{"type":"element","name":"7","elementType":"CIRCLE","id":7,"x":307.4285888693421,"y":101.71427153348084,"shape":"","w":10,"h":10,"color":"grey","lightness":900,"text":""},{"type":"element","name":"8","elementType":"CIRCLE","id":8,"x":168.28571318542154,"y":101.7142715334809,"shape":"","w":10,"h":10,"color":"grey","lightness":900,"text":""},{"type":"element","name":"arrow-5-1","elementType":"ARROW","id":9,"pointerAtBeginning":false,"dashEnabled":false,"startElement":5,"endElement":1,"pointerAtEnding":false},{"type":"element","name":"arrow-1-2","elementType":"ARROW","id":10,"pointerAtBeginning":false,"dashEnabled":false,"startElement":1,"endElement":2,"pointerAtEnding":false},{"type":"element","name":"arrow-5-6","elementType":"ARROW","id":11,"pointerAtBeginning":false,"dashEnabled":false,"startElement":5,"endElement":6,"pointerAtEnding":false},{"type":"element","name":"arrow-6-2","elementType":"ARROW","id":12,"pointerAtBeginning":false,"dashEnabled":false,"startElement":6,"endElement":2,"pointerAtEnding":false},{"type":"element","name":"arrow-5-8","elementType":"ARROW","id":13,"pointerAtBeginning":false,"dashEnabled":false,"startElement":5,"endElement":8,"pointerAtEnding":false},{"type":"element","name":"arrow-8-7","elementType":"ARROW","id":14,"pointerAtBeginning":false,"dashEnabled":false,"startElement":8,"endElement":7,"pointerAtEnding":false},{"type":"element","name":"arrow-6-7","elementType":"ARROW","id":15,"pointerAtBeginning":false,"dashEnabled":false,"startElement":6,"endElement":7,"pointerAtEnding":false},{"type":"element","name":"arrow-7-3","elementType":"ARROW","id":16,"pointerAtBeginning":false,"dashEnabled":false,"startElement":7,"endElement":3,"pointerAtEnding":false},{"type":"element","name":"arrow-2-3","elementType":"ARROW","id":17,"pointerAtBeginning":false,"dashEnabled":false,"startElement":2,"endElement":3,"pointerAtEnding":false},{"type":"element","name":"arrow-8-4","elementType":"ARROW","id":18,"pointerAtBeginning":false,"dashEnabled":true,"startElement":8,"endElement":4,"pointerAtEnding":false},{"type":"element","name":"arrow-4-3","elementType":"ARROW","id":19,"pointerAtBeginning":false,"dashEnabled":true,"startElement":4,"endElement":3,"pointerAtEnding":false},{"type":"element","name":"arrow-1-4","elementType":"ARROW","id":20,"pointerAtBeginning":false,"dashEnabled":true,"startElement":1,"endElement":4,"pointerAtEnding":false},{"type":"element","name":"arrow-8-2","elementType":"ARROW","id":21,"pointerAtBeginning":false,"dashEnabled":true,"startElement":8,"endElement":2,"pointerAtEnding":false},{"type":"element","name":"arrow-5-3","elementType":"ARROW","id":22,"pointerAtBeginning":false,"dashEnabled":true,"startElement":5,"endElement":3,"pointerAtEnding":false},{"type":"element","name":"arrow-1-7","elementType":"ARROW","id":23,"pointerAtBeginning":false,"dashEnabled":true,"startElement":1,"endElement":7,"pointerAtEnding":false},{"type":"attribute","name":"const_dis","element":0,"val":65},{"type":"attribute","name":"rand531v596vuf4","element":0,"val":120.28568258076612},{"type":"attribute","name":"randuiyuzi4w5o","element":0,"val":269.7143094504638},{"type":"attribute","name":"randypf5a6ha42","element":0,"val":259.42855826416763},{"type":"attribute","name":"randrjtn3gang0o","element":0,"val":307.4285888685781},{"type":"attribute","name":"randlji1d1fbw58","element":0,"val":240.85714721611953},{"type":"attribute","name":"rand4146xo1o5zs","element":0,"val":130.5714337671626},{"type":"equation","equation":"x_1  =rand531v596vuf4_0  "},{"type":"equation","equation":"y_1  =randuiyuzi4w5o_0  "},{"type":"equation","equation":"y_2  =y_1  "},{"type":"equation","equation":"x_2  =randypf5a6ha42_0  "},{"type":"equation","equation":"x_3  =randrjtn3gang0o_0  "},{"type":"equation","equation":"y_3  =randlji1d1fbw58_0  "},{"type":"equation","equation":"x_4 - x_1=x_3 - x_2"},{"type":"equation","equation":"y_4  =y_3  "},{"type":"equation","equation":"x_4 - x_3=x_1 - x_2"},{"type":"equation","equation":"x_5  =x_1  "},{"type":"equation","equation":"y_5  =rand4146xo1o5zs_0  "},{"type":"equation","equation":"y_5 - y_1=x_1 - x_2"},{"type":"equation","equation":"x_6  =x_2  "},{"type":"equation","equation":"y_6  =y_5  "},{"type":"equation","equation":"x_7 - x_6=x_4 - x_5"},{"type":"equation","equation":"y_7 - y_6=y_4 - y_2"},{"type":"equation","equation":"x_6 - x_7=x_5 - x_8"},{"type":"equation","equation":"y_8  =y_7  "}]