[{"type":"element","name":"1","elementType":"RECTANGLE","id":1,"x":108.0000152583663,"y":293.42858886740925,"w":40,"h":40,"color":"blue","lightness":400,"text":"0"},{"type":"element","name":"2","elementType":"RECTANGLE","id":2,"x":148.00001525823228,"y":293.42858886752094,"w":40,"h":40,"color":"blue","lightness":400,"text":"0"},{"type":"element","name":"3","elementType":"RECTANGLE","id":3,"x":188.0000152581241,"y":293.4285888678955,"w":40,"h":40,"color":"blue","lightness":400,"text":"0"},{"type":"element","name":"4","elementType":"RECTANGLE","id":4,"x":228.00001525805547,"y":293.4285888664376,"w":40,"h":40,"color":"blue","lightness":400,"text":"0"},{"type":"element","name":"5","elementType":"RECTANGLE","id":5,"x":268.000015258019,"y":293.4285888668685,"w":40,"h":40,"color":"green","lightness":400,"text":"1"},{"type":"element","name":"6","elementType":"RECTANGLE","id":6,"x":308.00001525797103,"y":293.42858886704573,"w":40,"h":40,"color":"red","lightness":400,"text":""},{"type":"element","name":"7","elementType":"RECTANGLE","id":7,"x":108.0000152584244,"y":253.42858886713782,"w":40,"h":40,"color":"blue","lightness":400,"text":"0"},{"type":"element","name":"8","elementType":"RECTANGLE","id":8,"x":148.00001525837075,"y":253.42858886718463,"w":40,"h":40,"color":"blue","lightness":400,"text":"0"},{"type":"element","name":"9","elementType":"RECTANGLE","id":9,"x":188.00001525835026,"y":253.4285888672219,"w":40,"h":40,"color":"blue","lightness":400,"text":"0"},{"type":"element","name":"10","elementType":"RECTANGLE","id":10,"x":228.00001525828168,"y":253.42858886723965,"w":40,"h":40,"color":"green","lightness":400,"text":"1"},{"type":"element","name":"11","elementType":"RECTANGLE","id":11,"x":268.00001525827196,"y":253.42858886725182,"w":40,"h":40,"color":"red","lightness":400,"text":""},{"type":"element","name":"12","elementType":"RECTANGLE","id":12,"x":308.0000152582774,"y":253.42858886725625,"w":40,"h":40,"color":"red","lightness":400,"text":""},{"type":"element","name":"13","elementType":"RECTANGLE","id":13,"x":108.00001525847696,"y":213.4285888672223,"w":40,"h":40,"color":"blue","lightness":400,"text":"0"},{"type":"element","name":"14","elementType":"RECTANGLE","id":14,"x":148.00001525855726,"y":213.4285888672185,"w":40,"h":40,"color":"green","lightness":400,"text":"1"},{"type":"element","name":"15","elementType":"RECTANGLE","id":15,"x":188.00001525863476,"y":213.42858886721837,"w":40,"h":40,"color":"red","lightness":400,"text":""},{"type":"element","name":"16","elementType":"RECTANGLE","id":16,"x":228.00001525872807,"y":213.42858886721604,"w":40,"h":40,"color":"red","lightness":400,"text":""},{"type":"element","name":"17","elementType":"RECTANGLE","id":17,"x":268.0000152588341,"y":213.42858886721385,"w":40,"h":40,"color":"red","lightness":400,"text":""},{"type":"element","name":"18","elementType":"RECTANGLE","id":18,"x":308.00001525893026,"y":213.42858886721194,"w":40,"h":40,"color":"red","lightness":400,"text":""},{"type":"element","name":"19","elementType":"RECTANGLE","id":19,"x":108.00001525848992,"y":173.42858886711187,"w":40,"h":40,"color":"green","lightness":400,"text":"1"},{"type":"element","name":"20","elementType":"RECTANGLE","id":20,"x":148.00001525857957,"y":173.42858886710965,"w":40,"h":40,"color":"red","lightness":400,"text":""},{"type":"element","name":"21","elementType":"RECTANGLE","id":21,"x":188.00001525866654,"y":173.4285888671069,"w":40,"h":40,"color":"red","lightness":400,"text":""},{"type":"element","name":"22","elementType":"RECTANGLE","id":22,"x":228.00001525875683,"y":173.4285888671043,"w":40,"h":40,"color":"red","lightness":400,"text":""},{"type":"element","name":"23","elementType":"RECTANGLE","id":23,"x":268.00001525884926,"y":173.4285888671026,"w":40,"h":40,"color":"red","lightness":400,"text":""},{"type":"element","name":"24","elementType":"RECTANGLE","id":24,"x":308.0000152589471,"y":173.42858886710061,"w":40,"h":40,"color":"red","lightness":400,"text":""},{"type":"element","name":"25","elementType":"RECTANGLE","id":25,"x":108.00001525848732,"y":53.42858886681668,"w":40,"h":40,"color":"green","lightness":400,"text":""},{"type":"element","name":"26","elementType":"RECTANGLE","id":26,"x":148.00001525856325,"y":53.42858886681549,"w":40,"h":40,"color":"green","lightness":400,"text":""},{"type":"element","name":"27","elementType":"RECTANGLE","id":27,"x":188.00001525864013,"y":53.42858886681549,"w":40,"h":40,"color":"red","lightness":400,"text":""},{"type":"element","name":"28","elementType":"RECTANGLE","id":28,"x":228.00001525871758,"y":53.428588866815424,"w":40,"h":40,"color":"green","lightness":400,"text":""},{"type":"element","name":"29","elementType":"RECTANGLE","id":29,"x":268.0000152587968,"y":53.42858886681552,"w":40,"h":40,"color":"green","lightness":400,"text":""},{"type":"element","name":"30","elementType":"RECTANGLE","id":30,"x":308.000015258876,"y":53.42858886681548,"w":40,"h":40,"color":"red","lightness":400,"text":""},{"type":"element","name":"arrow-19-25","elementType":"ARROW","id":31,"pointerAtBeginning":false,"dashEnabled":true,"startElement":19,"endElement":25,"pointerAtEnding":true},{"type":"element","name":"arrow-14-26","elementType":"ARROW","id":32,"pointerAtBeginning":false,"dashEnabled":true,"startElement":14,"endElement":26,"pointerAtEnding":true},{"type":"element","name":"arrow-10-28","elementType":"ARROW","id":33,"pointerAtBeginning":false,"dashEnabled":true,"startElement":10,"endElement":28,"pointerAtEnding":true},{"type":"element","name":"arrow-5-29","elementType":"ARROW","id":34,"pointerAtBeginning":false,"dashEnabled":true,"startElement":5,"endElement":29,"pointerAtEnding":true},{"type":"attribute","name":"const_dis","element":0,"val":39.999999999861416},{"type":"attribute","name":"randpqp4wmrlm","element":0,"val":108.00001525833366},{"type":"attribute","name":"randl6w0icbutm","element":0,"val":293.4285888673815},{"type":"equation","equation":"x_1  =randpqp4wmrlm_0  "},{"type":"equation","equation":"y_1  =randl6w0icbutm_0  "},{"type":"equation","equation":"x_2  =x_1 + const_dis_0"},{"type":"equation","equation":"y_2  =y_1  "},{"type":"equation","equation":"x_3 - x_2=x_2 - x_1"},{"type":"equation","equation":"y_3  =y_2  "},{"type":"equation","equation":"x_4 - x_3=x_3 - x_2"},{"type":"equation","equation":"y_4  =y_3  "},{"type":"equation","equation":"x_3 - x_4=x_4 - x_5"},{"type":"equation","equation":"y_5  =y_4  "},{"type":"equation","equation":"x_4 - x_5=x_5 - x_6"},{"type":"equation","equation":"y_6  =y_5  "},{"type":"equation","equation":"x_6 - x_6=x_1 - x_7"},{"type":"equation","equation":"y_7 - y_6=x_5 - x_6"},{"type":"equation","equation":"y_7 - y_6=x_7 - x_8"},{"type":"equation","equation":"y_8  =y_7  "},{"type":"equation","equation":"x_9 - x_8=x_8 - x_7"},{"type":"equation","equation":"y_9  =y_8  "},{"type":"equation","equation":"x_10 - x_9=x_9 - x_8"},{"type":"equation","equation":"y_10  =y_9  "},{"type":"equation","equation":"x_11 - x_10=x_10 - x_9"},{"type":"equation","equation":"y_11  =y_10  "},{"type":"equation","equation":"x_12 - x_11=x_11 - x_10"},{"type":"equation","equation":"y_12  =y_11  "},{"type":"equation","equation":"x_12 - x_12=x_7 - x_13"},{"type":"equation","equation":"y_12 - y_13=x_12 - x_11"},{"type":"equation","equation":"y_13 - y_12=x_13 - x_14"},{"type":"equation","equation":"y_14  =y_13  "},{"type":"equation","equation":"x_15 - x_14=x_14 - x_13"},{"type":"equation","equation":"y_15  =y_14  "},{"type":"equation","equation":"x_16 - x_15=x_15 - x_14"},{"type":"equation","equation":"y_16  =y_15  "},{"type":"equation","equation":"x_17 - x_16=x_16 - x_15"},{"type":"equation","equation":"y_17  =y_16  "},{"type":"equation","equation":"x_18 - x_17=x_17 - x_16"},{"type":"equation","equation":"y_18  =y_17  "},{"type":"equation","equation":"x_18 - x_18=x_13 - x_19"},{"type":"equation","equation":"y_18 - y_19=x_18 - x_17"},{"type":"equation","equation":"y_19 - y_18=x_19 - x_20"},{"type":"equation","equation":"y_20  =y_19  "},{"type":"equation","equation":"x_21 - x_20=x_20 - x_19"},{"type":"equation","equation":"y_21  =y_20  "},{"type":"equation","equation":"x_22 - x_21=x_21 - x_20"},{"type":"equation","equation":"y_22  =y_21  "},{"type":"equation","equation":"x_23 - x_22=x_22 - x_21"},{"type":"equation","equation":"y_23  =y_22  "},{"type":"equation","equation":"x_24 - x_23=x_23 - x_22"},{"type":"equation","equation":"y_24  =y_23  "},{"type":"equation","equation":"x_24 - x_24=x_19 - x_25"},{"type":"equation","equation":"y_24 - y_25=x_24 - x_21"},{"type":"equation","equation":"y_24 - y_25=x_23 - x_26"},{"type":"equation","equation":"y_26  =y_25  "},{"type":"equation","equation":"x_27 - x_26=x_26 - x_25"},{"type":"equation","equation":"y_27  =y_26  "},{"type":"equation","equation":"x_28 - x_27=x_27 - x_26"},{"type":"equation","equation":"y_28  =y_27  "},{"type":"equation","equation":"x_29 - x_28=x_28 - x_27"},{"type":"equation","equation":"y_29  =y_28  "},{"type":"equation","equation":"x_30 - x_29=x_29 - x_28"},{"type":"equation","equation":"y_30  =y_29  "}]