[{"type":"element","name":"1","elementType":"CIRCLE","id":1,"x":89.14286041216324,"y":283.1429138182939,"color":"green","w":60,"h":60,"lightness":200,"text":"明明"},{"type":"element","name":"2","elementType":"CIRCLE","id":2,"x":154.14286041213586,"y":283.142913818435,"color":"green","w":60,"h":60,"lightness":300,"text":"明暗"},{"type":"element","name":"3","elementType":"CIRCLE","id":3,"x":219.14286041200918,"y":283.1429138183903,"color":"green","w":60,"h":60,"lightness":300,"text":"明暗"},{"type":"element","name":"4","elementType":"CIRCLE","id":4,"x":284.1428604118155,"y":283.14291381841593,"color":"green","w":60,"h":60,"lightness":400,"text":"暗暗"},{"type":"element","name":"5","elementType":"CIRCLE","id":5,"x":89.14286041217328,"y":153.1429138187874,"color":"green","w":50,"h":50,"lightness":200,"text":"明"},{"type":"element","name":"6","elementType":"CIRCLE","id":6,"x":154.14286041221024,"y":153.1429138188332,"color":"green","w":50,"h":50,"lightness":400,"text":"暗"},{"type":"element","name":"7","elementType":"CIRCLE","id":7,"x":219.1428604122839,"y":153.1429138188583,"color":"green","w":50,"h":50,"lightness":200,"text":"明"},{"type":"element","name":"8","elementType":"CIRCLE","id":8,"x":284.14286041236454,"y":153.14291381887088,"color":"green","w":50,"h":50,"lightness":400,"text":"暗"},{"type":"element","name":"9","elementType":"CIRCLE","id":9,"x":121.64286041219478,"y":23.142913818723294,"color":"green","w":60,"h":60,"lightness":300,"text":"明暗"},{"type":"element","name":"10","elementType":"CIRCLE","id":10,"x":251.6428604123421,"y":23.142913818723365,"color":"green","w":60,"h":60,"lightness":300,"text":"明暗"},{"type":"element","name":"arrow-9-5","elementType":"ARROW","id":11,"pointerAtBeginning":false,"dashEnabled":false,"startElement":9,"endElement":5,"pointerAtEnding":true},{"type":"element","name":"arrow-9-6","elementType":"ARROW","id":12,"pointerAtBeginning":false,"dashEnabled":false,"startElement":9,"endElement":6,"pointerAtEnding":true},{"type":"element","name":"arrow-10-7","elementType":"ARROW","id":13,"pointerAtBeginning":false,"dashEnabled":false,"startElement":10,"endElement":7,"pointerAtEnding":true},{"type":"element","name":"arrow-10-8","elementType":"ARROW","id":14,"pointerAtBeginning":false,"dashEnabled":false,"startElement":10,"endElement":8,"pointerAtEnding":true},{"type":"element","name":"arrow-5-1","elementType":"ARROW","id":15,"pointerAtBeginning":false,"dashEnabled":false,"startElement":5,"endElement":1,"pointerAtEnding":true},{"type":"element","name":"arrow-5-2","elementType":"ARROW","id":16,"pointerAtBeginning":false,"dashEnabled":false,"startElement":5,"endElement":2,"pointerAtEnding":true},{"type":"element","name":"arrow-6-3","elementType":"ARROW","id":17,"pointerAtBeginning":false,"dashEnabled":false,"startElement":6,"endElement":3,"pointerAtEnding":true},{"type":"element","name":"arrow-6-4","elementType":"ARROW","id":18,"pointerAtBeginning":false,"dashEnabled":false,"startElement":6,"endElement":4,"pointerAtEnding":true},{"type":"element","name":"arrow-7-3","elementType":"ARROW","id":19,"pointerAtBeginning":false,"dashEnabled":false,"startElement":7,"endElement":3,"pointerAtEnding":true},{"type":"element","name":"arrow-7-1","elementType":"ARROW","id":20,"pointerAtBeginning":false,"dashEnabled":false,"startElement":7,"endElement":1,"pointerAtEnding":true},{"type":"element","name":"arrow-8-2","elementType":"ARROW","id":21,"pointerAtBeginning":false,"dashEnabled":false,"startElement":8,"endElement":2,"pointerAtEnding":true},{"type":"element","name":"arrow-8-4","elementType":"ARROW","id":22,"pointerAtBeginning":false,"dashEnabled":false,"startElement":8,"endElement":4,"pointerAtEnding":true},{"type":"attribute","name":"const_dis","element":0,"val":64.99999999997858},{"type":"attribute","name":"randmos33lnfno8","element":0,"val":89.14286041207106},{"type":"attribute","name":"randalikuyza3dw","element":0,"val":283.14291381838785},{"type":"equation","equation":"x_1  =randmos33lnfno8_0  "},{"type":"equation","equation":"y_1  =randalikuyza3dw_0  "},{"type":"equation","equation":"x_2  =x_1 + const_dis_0"},{"type":"equation","equation":"y_2  =y_1  "},{"type":"equation","equation":"x_3 - x_2=x_2 - x_1"},{"type":"equation","equation":"y_3  =y_2  "},{"type":"equation","equation":"x_4 - x_3=x_3 - x_2"},{"type":"equation","equation":"y_4  =y_3  "},{"type":"equation","equation":"x_4 - x_4=x_1 - x_5"},{"type":"equation","equation":"x_5  =x_1  "},{"type":"equation","equation":"y_4 - y_5=x_4 - x_2"},{"type":"equation","equation":"x_6  =x_2  "},{"type":"equation","equation":"y_6  =y_5  "},{"type":"equation","equation":"x_7 - x_6=x_6 - x_5"},{"type":"equation","equation":"y_7  =y_6  "},{"type":"equation","equation":"x_8 - x_7=x_7 - x_6"},{"type":"equation","equation":"y_8  =y_7  "},{"type":"equation","equation":"x_9 - x_6=x_5 - x_9"},{"type":"equation","equation":"y_8 - y_9=x_8 - x_6"},{"type":"equation","equation":"y_9 - y_8=x_9 - x_10"},{"type":"equation","equation":"y_10  =y_9  "}]