[{"type":"element","name":"1","elementType":"RECTANGLE","id":1,"x":73.71428680394953,"y":116.85714721676959,"text":"前馈网络","w":100,"h":30,"color":"blue","lightness":400},{"type":"element","name":"2","elementType":"RECTANGLE","id":2,"x":188.7142868039865,"y":116.85714721680898,"text":"叠加与归一化","w":100,"h":30,"color":"yellow","lightness":100},{"type":"element","name":"3","elementType":"RECTANGLE","id":3,"x":188.71428680404074,"y":71.14286804200859,"text":"编码器输出","w":100,"h":30,"color":"green","lightness":400},{"type":"element","name":"4","elementType":"RECTANGLE","id":4,"x":73.71428680400393,"y":162.57142639164584,"text":"叠加与归一化","w":100,"h":30,"color":"yellow","lightness":100},{"type":"element","name":"5","elementType":"RECTANGLE","id":5,"x":188.71428680398336,"y":162.57142639164175,"text":"多头注意力","w":100,"h":30,"color":"orange","lightness":400},{"type":"element","name":"6","elementType":"RECTANGLE","id":6,"x":188.7142868039856,"y":208.285705566464,"text":"合并","w":100,"h":30,"color":"grey","lightness":400},{"type":"element","name":"7","elementType":"RECTANGLE","id":7,"x":73.71428680403977,"y":208.2857055664606,"text":"输入编码","w":100,"h":30,"color":"purple","lightness":400},{"type":"element","name":"8","elementType":"RECTANGLE","id":8,"x":188.71428680398552,"y":253.99998474127955,"text":"坐标编码","w":100,"h":30,"color":"purple","lightness":400},{"type":"element","name":"arrow-8-6","elementType":"ARROW","id":9,"pointerAtBeginning":false,"dashEnabled":false,"startElement":8,"endElement":6,"pointerAtEnding":true},{"type":"element","name":"arrow-7-6","elementType":"ARROW","id":10,"pointerAtBeginning":false,"dashEnabled":false,"startElement":7,"endElement":6,"pointerAtEnding":true},{"type":"element","name":"arrow-6-5","elementType":"ARROW","id":11,"pointerAtBeginning":false,"dashEnabled":false,"startElement":6,"endElement":5,"pointerAtEnding":true},{"type":"element","name":"arrow-6-4","elementType":"ARROW","id":12,"pointerAtBeginning":false,"dashEnabled":false,"startElement":6,"endElement":4,"pointerAtEnding":true},{"type":"element","name":"arrow-5-4","elementType":"ARROW","id":13,"pointerAtBeginning":false,"dashEnabled":false,"startElement":5,"endElement":4,"pointerAtEnding":true},{"type":"element","name":"arrow-4-2","elementType":"ARROW","id":14,"pointerAtBeginning":false,"dashEnabled":false,"startElement":4,"endElement":2,"pointerAtEnding":true},{"type":"element","name":"arrow-4-1","elementType":"ARROW","id":15,"pointerAtBeginning":false,"dashEnabled":false,"startElement":4,"endElement":1,"pointerAtEnding":true},{"type":"element","name":"arrow-1-2","elementType":"ARROW","id":16,"pointerAtBeginning":false,"dashEnabled":false,"startElement":1,"endElement":2,"pointerAtEnding":true},{"type":"element","name":"arrow-2-3","elementType":"ARROW","id":17,"pointerAtBeginning":false,"dashEnabled":false,"startElement":2,"endElement":3,"pointerAtEnding":true},{"type":"attribute","name":"const_dis","element":0,"val":115.0000000000081},{"type":"attribute","name":"randw8so7do6jq","element":0,"val":73.71428680388595},{"type":"attribute","name":"randattzlwush8","element":0,"val":116.85714721676587},{"type":"attribute","name":"rand9achy5bs315","element":0,"val":71.14286804201592},{"type":"equation","equation":"x_1  =randw8so7do6jq_0  "},{"type":"equation","equation":"y_1  =randattzlwush8_0  "},{"type":"equation","equation":"x_2  =x_1 + const_dis_0"},{"type":"equation","equation":"y_2  =y_1  "},{"type":"equation","equation":"x_3  =x_2  "},{"type":"equation","equation":"y_3  =rand9achy5bs315_0  "},{"type":"equation","equation":"x_4  =x_1  "},{"type":"equation","equation":"y_4 - y_2=y_2 - y_3"},{"type":"equation","equation":"x_5  =x_3  "},{"type":"equation","equation":"y_5  =y_4  "},{"type":"equation","equation":"x_6  =x_5  "},{"type":"equation","equation":"y_6 - y_5=y_5 - y_2"},{"type":"equation","equation":"x_7  =x_4  "},{"type":"equation","equation":"y_7  =y_6  "},{"type":"equation","equation":"x_8  =x_6  "},{"type":"equation","equation":"y_8 - y_7=y_7 - y_5"}]