[{"type":"element","name":"1","elementType":"CIRCLE","id":1,"x":97.14286041239512,"y":162.00000000006017,"shape":"","w":10,"h":10,"color":"grey","lightness":900,"text":""},{"type":"element","name":"2","elementType":"CIRCLE","id":2,"x":258.57147216813837,"y":161.99999999997775,"shape":"","w":10,"h":10,"color":"grey","lightness":900,"text":""},{"type":"element","name":"3","elementType":"CIRCLE","id":3,"x":97.14286041240857,"y":323.4286117556631,"shape":"","w":10,"h":10,"color":"grey","lightness":900,"text":""},{"type":"element","name":"4","elementType":"CIRCLE","id":4,"x":258.57147216813013,"y":323.42861175576513,"shape":"","w":10,"h":10,"color":"grey","lightness":900,"text":""},{"type":"element","name":"5","elementType":"CIRCLE","id":5,"x":155.1428833007659,"y":133.71430206269827,"shape":"","w":10,"h":10,"color":"grey","lightness":900,"text":""},{"type":"element","name":"6","elementType":"CIRCLE","id":6,"x":316.57149505651665,"y":133.7143020626902,"shape":"","w":10,"h":10,"color":"grey","lightness":900,"text":""},{"type":"element","name":"7","elementType":"CIRCLE","id":7,"x":155.14288330078708,"y":295.1429138183337,"shape":"","w":10,"h":10,"color":"grey","lightness":900,"text":""},{"type":"element","name":"8","elementType":"CIRCLE","id":8,"x":316.57149505648994,"y":295.14291381835386,"shape":"","w":10,"h":10,"color":"grey","lightness":900,"text":""},{"type":"element","name":"9","elementType":"CIRCLE","id":9,"x":206.85717773444802,"y":228.57145690923178,"shape":"","w":10,"h":10,"color":"red","lightness":900,"text":""},{"type":"element","name":"arrow-1-3","elementType":"ARROW","id":10,"pointerAtBeginning":false,"dashEnabled":false,"startElement":1,"endElement":3,"pointerAtEnding":false},{"type":"element","name":"arrow-3-4","elementType":"ARROW","id":11,"pointerAtBeginning":false,"dashEnabled":false,"startElement":3,"endElement":4,"pointerAtEnding":false},{"type":"element","name":"arrow-4-8","elementType":"ARROW","id":12,"pointerAtBeginning":false,"dashEnabled":false,"startElement":4,"endElement":8,"pointerAtEnding":false},{"type":"element","name":"arrow-8-6","elementType":"ARROW","id":13,"pointerAtBeginning":false,"dashEnabled":false,"startElement":8,"endElement":6,"pointerAtEnding":false},{"type":"element","name":"arrow-6-5","elementType":"ARROW","id":14,"pointerAtBeginning":false,"dashEnabled":false,"startElement":6,"endElement":5,"pointerAtEnding":false},{"type":"element","name":"arrow-5-1","elementType":"ARROW","id":15,"pointerAtBeginning":false,"dashEnabled":false,"startElement":5,"endElement":1,"pointerAtEnding":false},{"type":"element","name":"arrow-2-6","elementType":"ARROW","id":16,"pointerAtBeginning":false,"dashEnabled":false,"startElement":2,"endElement":6,"pointerAtEnding":false},{"type":"element","name":"arrow-1-2","elementType":"ARROW","id":17,"pointerAtBeginning":false,"dashEnabled":false,"startElement":1,"endElement":2,"pointerAtEnding":false},{"type":"element","name":"arrow-5-4","elementType":"ARROW","id":18,"pointerAtBeginning":false,"dashEnabled":true,"startElement":5,"endElement":4,"pointerAtEnding":false},{"type":"element","name":"arrow-1-8","elementType":"ARROW","id":19,"pointerAtBeginning":false,"dashEnabled":true,"startElement":1,"endElement":8,"pointerAtEnding":false},{"type":"element","name":"arrow-7-5","elementType":"ARROW","id":20,"pointerAtBeginning":false,"dashEnabled":true,"startElement":7,"endElement":5,"pointerAtEnding":false},{"type":"element","name":"arrow-7-3","elementType":"ARROW","id":21,"pointerAtBeginning":false,"dashEnabled":true,"startElement":7,"endElement":3,"pointerAtEnding":false},{"type":"element","name":"arrow-7-8","elementType":"ARROW","id":22,"pointerAtBeginning":false,"dashEnabled":true,"startElement":7,"endElement":8,"pointerAtEnding":false},{"type":"element","name":"arrow-2-4","elementType":"ARROW","id":23,"pointerAtBeginning":false,"dashEnabled":false,"startElement":2,"endElement":4,"pointerAtEnding":false},{"type":"element","name":"arrow-6-3","elementType":"ARROW","id":24,"pointerAtBeginning":false,"dashEnabled":true,"startElement":6,"endElement":3,"pointerAtEnding":false},{"type":"attribute","name":"const_dis","element":0,"val":65},{"type":"attribute","name":"randl4u05fgqbck","element":0,"val":97.14286041239171},{"type":"attribute","name":"randbs61fb6fuf6","element":0,"val":162.00000000004286},{"type":"attribute","name":"randaa3xkskpxwd","element":0,"val":258.57147216800416},{"type":"attribute","name":"randuc083ixaar","element":0,"val":155.14288330078728},{"type":"attribute","name":"randvk809gh4239","element":0,"val":133.7143020626897},{"type":"attribute","name":"randv45s79m7tm9","element":0,"val":295.14291381834903},{"type":"equation","equation":"x_1  =randl4u05fgqbck_0  "},{"type":"equation","equation":"y_1  =randbs61fb6fuf6_0  "},{"type":"equation","equation":"y_2  =y_1  "},{"type":"equation","equation":"x_2  =randaa3xkskpxwd_0  "},{"type":"equation","equation":"x_3  =x_1  "},{"type":"equation","equation":"y_3 - y_2=x_2 - x_1"},{"type":"equation","equation":"x_4  =x_2  "},{"type":"equation","equation":"y_4 - y_2=x_2 - x_1"},{"type":"equation","equation":"x_5  =randuc083ixaar_0  "},{"type":"equation","equation":"y_5  =randvk809gh4239_0  "},{"type":"equation","equation":"x_6 - x_4=x_5 - x_3"},{"type":"equation","equation":"y_6  =y_5  "},{"type":"equation","equation":"x_7  =x_5  "},{"type":"equation","equation":"y_7  =randv45s79m7tm9_0  "},{"type":"equation","equation":"x_8  =x_6  "},{"type":"equation","equation":"y_8  =randv45s79m7tm9_0  "},{"type":"equation","equation":"x_6 - x_5=x_2 - x_1"},{"type":"equation","equation":"y_7 - y_5=y_3 - y_1"},{"type":"equation","equation":"x_5 - x_9=x_9 - x_4"},{"type":"equation","equation":"y_5 - y_9=y_9 - y_4"}]