[{"type":"element","name":"1","elementType":"RECTANGLE","id":1,"x":77.42857360857187,"y":93.71428680412595,"shape":"","w":40,"h":40,"color":"green","lightness":400,"text":""},{"type":"element","name":"2","elementType":"RECTANGLE","id":2,"x":117.42857360839065,"y":93.71428680417614,"shape":"","w":40,"h":40,"color":"green","lightness":400,"text":""},{"type":"element","name":"3","elementType":"RECTANGLE","id":3,"x":157.4285736081774,"y":93.71428680407392,"shape":"","w":40,"h":40,"color":"red","lightness":400,"text":""},{"type":"element","name":"4","elementType":"RECTANGLE","id":4,"x":197.42857360789571,"y":93.71428680423996,"shape":"","w":40,"h":40,"color":"green","lightness":400,"text":""},{"type":"element","name":"5","elementType":"RECTANGLE","id":5,"x":237.42857360757634,"y":93.71428680427563,"shape":"","w":40,"h":40,"color":"green","lightness":400,"text":""},{"type":"element","name":"6","elementType":"RECTANGLE","id":6,"x":277.428573607246,"y":93.7142868042836,"shape":"","w":40,"h":40,"color":"red","lightness":400,"text":""},{"type":"element","name":"7","elementType":"RECTANGLE","id":7,"x":77.42857360852295,"y":184.00003051757545,"shape":"","w":40,"h":40,"color":"green","lightness":400,"text":"1"},{"type":"element","name":"8","elementType":"RECTANGLE","id":8,"x":117.42857360833987,"y":184.00003051757557,"shape":"","w":40,"h":40,"color":"red","lightness":400,"text":""},{"type":"element","name":"9","elementType":"RECTANGLE","id":9,"x":157.42857360818462,"y":184.0000305175755,"shape":"","w":40,"h":40,"color":"red","lightness":400,"text":""},{"type":"element","name":"10","elementType":"RECTANGLE","id":10,"x":197.42857360800474,"y":184.00003051757875,"shape":"","w":40,"h":40,"color":"red","lightness":400,"text":""},{"type":"element","name":"11","elementType":"RECTANGLE","id":11,"x":237.42857360780576,"y":184.00003051758148,"shape":"","w":40,"h":40,"color":"red","lightness":400,"text":""},{"type":"element","name":"12","elementType":"RECTANGLE","id":12,"x":277.4285736076126,"y":184.00003051759876,"shape":"","w":40,"h":40,"color":"red","lightness":400,"text":""},{"type":"element","name":"13","elementType":"RECTANGLE","id":13,"x":77.42857360846128,"y":224.0000305174241,"shape":"","w":40,"h":40,"color":"blue","lightness":400,"text":"0"},{"type":"element","name":"14","elementType":"RECTANGLE","id":14,"x":117.42857360830993,"y":224.0000305174393,"shape":"","w":40,"h":40,"color":"green","lightness":400,"text":"1"},{"type":"element","name":"15","elementType":"RECTANGLE","id":15,"x":157.42857360814327,"y":224.00003051744307,"shape":"","w":40,"h":40,"color":"red","lightness":400,"text":""},{"type":"element","name":"16","elementType":"RECTANGLE","id":16,"x":197.4285736079656,"y":224.00003051744895,"shape":"","w":40,"h":40,"color":"red","lightness":400,"text":""},{"type":"element","name":"17","elementType":"RECTANGLE","id":17,"x":237.42857360782375,"y":224.00003051745253,"shape":"","w":40,"h":40,"color":"red","lightness":400,"text":""},{"type":"element","name":"18","elementType":"RECTANGLE","id":18,"x":277.42857360768016,"y":224.00003051745574,"shape":"","w":40,"h":40,"color":"red","lightness":400,"text":""},{"type":"element","name":"19","elementType":"RECTANGLE","id":19,"x":77.42857360847367,"y":264.0000305173192,"shape":"","w":40,"h":40,"color":"blue","lightness":400,"text":"0"},{"type":"element","name":"20","elementType":"RECTANGLE","id":20,"x":117.42857360834134,"y":264.0000305173225,"shape":"","w":40,"h":40,"color":"blue","lightness":400,"text":"0"},{"type":"element","name":"21","elementType":"RECTANGLE","id":21,"x":157.4285736082101,"y":264.0000305173275,"shape":"","w":40,"h":40,"color":"blue","lightness":400,"text":"0"},{"type":"element","name":"22","elementType":"RECTANGLE","id":22,"x":197.42857360808907,"y":264.00003051733046,"shape":"","w":40,"h":40,"color":"green","lightness":400,"text":"1"},{"type":"element","name":"23","elementType":"RECTANGLE","id":23,"x":237.42857360797308,"y":264.000030517334,"shape":"","w":40,"h":40,"color":"red","lightness":400,"text":""},{"type":"element","name":"24","elementType":"RECTANGLE","id":24,"x":277.428573607858,"y":264.0000305173381,"shape":"","w":40,"h":40,"color":"red","lightness":400,"text":""},{"type":"element","name":"25","elementType":"RECTANGLE","id":25,"x":77.42857360846943,"y":304.0000305172193,"shape":"","w":40,"h":40,"color":"blue","lightness":400,"text":"0"},{"type":"element","name":"26","elementType":"RECTANGLE","id":26,"x":117.42857360834117,"y":304.00003051722183,"shape":"","w":40,"h":40,"color":"blue","lightness":400,"text":"0"},{"type":"element","name":"27","elementType":"RECTANGLE","id":27,"x":157.42857360820722,"y":304.0000305172244,"shape":"","w":40,"h":40,"color":"blue","lightness":400,"text":"0"},{"type":"element","name":"28","elementType":"RECTANGLE","id":28,"x":197.42857360807,"y":304.00003051722524,"shape":"","w":40,"h":40,"color":"blue","lightness":400,"text":"0"},{"type":"element","name":"29","elementType":"RECTANGLE","id":29,"x":237.42857360793266,"y":304.0000305172265,"shape":"","w":40,"h":40,"color":"green","lightness":400,"text":"1"},{"type":"element","name":"30","elementType":"RECTANGLE","id":30,"x":277.4285736077957,"y":304.00003051722643,"shape":"","w":40,"h":40,"color":"red","lightness":400,"text":""},{"type":"element","name":"arrow-7-1","elementType":"ARROW","id":31,"pointerAtBeginning":false,"dashEnabled":true,"startElement":7,"endElement":1,"pointerAtEnding":true},{"type":"element","name":"arrow-14-2","elementType":"ARROW","id":32,"pointerAtBeginning":false,"dashEnabled":true,"startElement":14,"endElement":2,"pointerAtEnding":true},{"type":"element","name":"arrow-22-4","elementType":"ARROW","id":33,"pointerAtBeginning":false,"dashEnabled":true,"startElement":22,"endElement":4,"pointerAtEnding":true},{"type":"element","name":"arrow-29-5","elementType":"ARROW","id":34,"pointerAtBeginning":false,"dashEnabled":true,"startElement":29,"endElement":5,"pointerAtEnding":true},{"type":"attribute","name":"const_dis","element":0,"val":39.99999999983568},{"type":"attribute","name":"randnnqb57vn15f","element":0,"val":77.42857360858967},{"type":"attribute","name":"randw2quqona3ql","element":0,"val":93.71428680411034},{"type":"attribute","name":"randgl2iqgp95dl","element":0,"val":184.00003051757534},{"type":"equation","equation":"x_1  =randnnqb57vn15f_0  "},{"type":"equation","equation":"y_1  =randw2quqona3ql_0  "},{"type":"equation","equation":"x_2  =x_1 + const_dis_0"},{"type":"equation","equation":"y_2  =y_1  "},{"type":"equation","equation":"x_3 - x_2=x_2 - x_1"},{"type":"equation","equation":"y_3  =y_2  "},{"type":"equation","equation":"x_4 - x_3=x_3 - x_2"},{"type":"equation","equation":"y_4  =y_3  "},{"type":"equation","equation":"x_3 - x_4=x_4 - x_5"},{"type":"equation","equation":"y_5  =y_4  "},{"type":"equation","equation":"x_4 - x_5=x_5 - x_6"},{"type":"equation","equation":"y_6  =y_5  "},{"type":"equation","equation":"x_6 - x_6=x_1 - x_7"},{"type":"equation","equation":"y_7  =randgl2iqgp95dl_0  "},{"type":"equation","equation":"x_8  =x_2  "},{"type":"equation","equation":"y_8  =randgl2iqgp95dl_0  "},{"type":"equation","equation":"x_9 - x_8=x_8 - x_7"},{"type":"equation","equation":"y_9  =y_8  "},{"type":"equation","equation":"x_10 - x_9=x_9 - x_8"},{"type":"equation","equation":"y_10  =y_9  "},{"type":"equation","equation":"x_11 - x_10=x_10 - x_9"},{"type":"equation","equation":"y_11  =y_10  "},{"type":"equation","equation":"x_12 - x_11=x_11 - x_10"},{"type":"equation","equation":"y_12  =y_11  "},{"type":"equation","equation":"x_12 - x_12=x_7 - x_13"},{"type":"equation","equation":"y_13 - y_12=x_12 - x_11"},{"type":"equation","equation":"x_14 - x_13=y_13 - y_12"},{"type":"equation","equation":"y_14  =y_13  "},{"type":"equation","equation":"x_15 - x_14=x_14 - x_13"},{"type":"equation","equation":"y_15  =y_14  "},{"type":"equation","equation":"x_16 - x_15=x_15 - x_14"},{"type":"equation","equation":"y_16  =y_15  "},{"type":"equation","equation":"x_17 - x_16=x_16 - x_15"},{"type":"equation","equation":"y_17  =y_16  "},{"type":"equation","equation":"x_18 - x_17=x_17 - x_16"},{"type":"equation","equation":"y_18  =y_17  "},{"type":"equation","equation":"x_18 - x_18=x_13 - x_19"},{"type":"equation","equation":"x_17 - x_18=y_18 - y_19"},{"type":"equation","equation":"x_20 - x_19=y_19 - y_18"},{"type":"equation","equation":"y_20  =y_19  "},{"type":"equation","equation":"x_21 - x_20=x_20 - x_19"},{"type":"equation","equation":"y_21  =y_20  "},{"type":"equation","equation":"x_22 - x_21=x_21 - x_20"},{"type":"equation","equation":"y_22  =y_21  "},{"type":"equation","equation":"x_23 - x_22=x_22 - x_21"},{"type":"equation","equation":"y_23  =y_22  "},{"type":"equation","equation":"x_24 - x_23=x_23 - x_22"},{"type":"equation","equation":"y_24  =y_23  "},{"type":"equation","equation":"x_24 - x_24=x_19 - x_25"},{"type":"equation","equation":"x_23 - x_24=y_24 - y_25"},{"type":"equation","equation":"x_26 - x_25=y_25 - y_24"},{"type":"equation","equation":"y_26  =y_25  "},{"type":"equation","equation":"x_27 - x_26=x_26 - x_25"},{"type":"equation","equation":"y_27  =y_26  "},{"type":"equation","equation":"x_28 - x_27=x_27 - x_26"},{"type":"equation","equation":"y_28  =y_27  "},{"type":"equation","equation":"x_29 - x_28=x_28 - x_27"},{"type":"equation","equation":"y_29  =y_28  "},{"type":"equation","equation":"x_30 - x_29=x_29 - x_28"},{"type":"equation","equation":"y_30  =y_29  "}]