[{"type":"element","name":"1","elementType":"CIRCLE","id":1,"x":111.52857284523142,"y":76.28572845448807,"text":"明暗","w":60,"h":60,"color":"green","lightness":300},{"type":"element","name":"2","elementType":"CIRCLE","id":2,"x":280.8571472168576,"y":76.28572845448873,"text":"明暗","w":60,"h":60,"color":"green","lightness":300},{"type":"element","name":"3","elementType":"CIRCLE","id":3,"x":67.62857208223573,"y":201.7143020627744,"text":"明","w":50,"h":50,"color":"green","lightness":200},{"type":"element","name":"4","elementType":"CIRCLE","id":4,"x":243.2285751342115,"y":201.71430206281542,"text":"明","w":50,"h":50,"color":"green","lightness":200},{"type":"element","name":"5","elementType":"CIRCLE","id":5,"x":155.4285736082312,"y":201.71430206285325,"text":"暗","w":50,"h":50,"color":"green","lightness":400},{"type":"element","name":"6","elementType":"CIRCLE","id":6,"x":331.02857666019,"y":201.71430206293562,"text":"暗","w":50,"h":50,"color":"green","lightness":400},{"type":"element","name":"7","elementType":"CIRCLE","id":7,"x":67.62857208223903,"y":327.1428756713747,"text":"明明","w":60,"h":60,"color":"green","lightness":200},{"type":"element","name":"8","elementType":"CIRCLE","id":8,"x":155.42857360822327,"y":327.14287567130424,"text":"明暗","w":60,"h":60,"color":"green","lightness":300},{"type":"element","name":"9","elementType":"CIRCLE","id":9,"x":243.22857513420897,"y":327.14287567132527,"text":"明暗","w":60,"h":60,"color":"green","lightness":300},{"type":"element","name":"10","elementType":"CIRCLE","id":10,"x":331.0285766601899,"y":327.1428756713251,"text":"暗暗","w":60,"h":60,"color":"green","lightness":400},{"type":"element","name":"arrow-1-3","elementType":"ARROW","id":11,"pointerAtBeginning":false,"dashEnabled":false,"startElement":1,"endElement":3,"pointerAtEnding":true},{"type":"element","name":"arrow-1-5","elementType":"ARROW","id":12,"pointerAtBeginning":false,"dashEnabled":false,"startElement":1,"endElement":5,"pointerAtEnding":true},{"type":"element","name":"arrow-2-4","elementType":"ARROW","id":13,"pointerAtBeginning":false,"dashEnabled":false,"startElement":2,"endElement":4,"pointerAtEnding":true},{"type":"element","name":"arrow-2-6","elementType":"ARROW","id":14,"pointerAtBeginning":false,"dashEnabled":false,"startElement":2,"endElement":6,"pointerAtEnding":true},{"type":"element","name":"arrow-3-7","elementType":"ARROW","id":15,"pointerAtBeginning":false,"dashEnabled":false,"startElement":3,"endElement":7,"pointerAtEnding":true},{"type":"element","name":"arrow-3-8","elementType":"ARROW","id":16,"pointerAtBeginning":false,"dashEnabled":false,"startElement":3,"endElement":8,"pointerAtEnding":true},{"type":"element","name":"arrow-5-9","elementType":"ARROW","id":17,"pointerAtBeginning":false,"dashEnabled":false,"startElement":5,"endElement":9,"pointerAtEnding":true},{"type":"element","name":"arrow-5-10","elementType":"ARROW","id":18,"pointerAtBeginning":false,"dashEnabled":false,"startElement":5,"endElement":10,"pointerAtEnding":true},{"type":"element","name":"arrow-4-7","elementType":"ARROW","id":19,"pointerAtBeginning":false,"dashEnabled":false,"startElement":4,"endElement":7,"pointerAtEnding":true},{"type":"element","name":"arrow-4-9","elementType":"ARROW","id":20,"pointerAtBeginning":false,"dashEnabled":false,"startElement":4,"endElement":9,"pointerAtEnding":true},{"type":"element","name":"arrow-6-8","elementType":"ARROW","id":21,"pointerAtBeginning":false,"dashEnabled":false,"startElement":6,"endElement":8,"pointerAtEnding":true},{"type":"element","name":"arrow-6-10","elementType":"ARROW","id":22,"pointerAtBeginning":false,"dashEnabled":false,"startElement":6,"endElement":10,"pointerAtEnding":true},{"type":"attribute","name":"const_dis","element":0,"val":87.80000152598875},{"type":"attribute","name":"randqy5d2bve5as","element":0,"val":76.2857284544914},{"type":"attribute","name":"rand3ybqf0fb7sg","element":0,"val":280.85714721680495},{"type":"attribute","name":"randykdzoep07n","element":0,"val":331.02857666018417},{"type":"attribute","name":"randz1afre7v14d","element":0,"val":111.52857284523142},{"type":"attribute","name":"rand5wlpnzw06po","element":0,"val":201.71430206300155},{"type":"equation","equation":"x_1  =randz1afre7v14d_0  "},{"type":"equation","equation":"y_1  =randqy5d2bve5as_0  "},{"type":"equation","equation":"y_2  =y_1  "},{"type":"equation","equation":"x_2  =rand3ybqf0fb7sg_0  "},{"type":"equation","equation":"y_4  =y_3  "},{"type":"equation","equation":"y_5  =y_4  "},{"type":"equation","equation":"y_5  =y_6  "},{"type":"equation","equation":"x_4 - x_5=x_5 - x_3"},{"type":"equation","equation":"x_6  =randykdzoep07n_0  "},{"type":"equation","equation":"x_6 - x_4=x_4 - x_5"},{"type":"equation","equation":"x_1 - x_5=x_3 - x_1"},{"type":"equation","equation":"y_1  =y_2  "},{"type":"equation","equation":"y_6  =rand5wlpnzw06po_0  "},{"type":"equation","equation":"x_7  =x_3  "},{"type":"equation","equation":"y_7 - y_6=y_6 - y_2"},{"type":"equation","equation":"x_8 - x_1=x_1 - x_7"},{"type":"equation","equation":"y_8  =y_7  "},{"type":"equation","equation":"x_9  =x_4  "},{"type":"equation","equation":"y_9  =y_8  "},{"type":"equation","equation":"x_10  =x_6  "},{"type":"equation","equation":"y_10  =y_9  "}]