[{"type":"element","name":"1","elementType":"RECTANGLE","id":1,"x":102.57142620185299,"y":100.00000000672583,"text":"前馈网络","color":"blue","w":100,"h":30,"lightness":400},{"type":"element","name":"2","elementType":"RECTANGLE","id":2,"x":102.5714262021675,"y":187.85714920929527,"shape":"","text":"叠加与归一化","w":100,"h":30,"color":"orange","lightness":200},{"type":"element","name":"3","elementType":"RECTANGLE","id":3,"x":102.57142620213044,"y":275.7142984118624,"shape":"","text":"输入编码","w":100,"h":30,"color":"purple","lightness":400},{"type":"element","name":"4","elementType":"RECTANGLE","id":4,"x":292.2857360839885,"y":53.42857360839825,"shape":"","text":"编码器输出","w":100,"h":30,"color":"green","lightness":400},{"type":"element","name":"5","elementType":"RECTANGLE","id":5,"x":292.2857360839956,"y":100.00000000674217,"shape":"","text":"叠加与归一化","w":100,"h":30,"color":"orange","lightness":200},{"type":"element","name":"6","elementType":"RECTANGLE","id":6,"x":292.2857360839989,"y":187.8571492093003,"shape":"","text":"多头注意力","w":100,"h":30,"color":"orange","lightness":400},{"type":"element","name":"7","elementType":"RECTANGLE","id":7,"x":292.2857360840002,"y":275.7142984118566,"shape":"","text":"合并","w":100,"h":30,"color":"grey","lightness":400},{"type":"element","name":"8","elementType":"RECTANGLE","id":8,"x":292.28573608399995,"y":363.5714476144134,"shape":"","text":"坐标编码","w":100,"h":30,"color":"purple","lightness":200},{"type":"element","name":"arrow-1-5","elementType":"ARROW","id":9,"pointerAtBeginning":false,"dashEnabled":false,"startElement":1,"endElement":5,"pointerAtEnding":true},{"type":"element","name":"arrow-5-4","elementType":"ARROW","id":10,"pointerAtBeginning":false,"dashEnabled":false,"startElement":5,"endElement":4,"pointerAtEnding":true},{"type":"element","name":"arrow-2-1","elementType":"ARROW","id":11,"pointerAtBeginning":false,"dashEnabled":false,"startElement":2,"endElement":1,"pointerAtEnding":true},{"type":"element","name":"arrow-2-5","elementType":"ARROW","id":12,"pointerAtBeginning":false,"dashEnabled":false,"startElement":2,"endElement":5,"pointerAtEnding":true},{"type":"element","name":"arrow-6-2","elementType":"ARROW","id":13,"pointerAtBeginning":false,"dashEnabled":false,"startElement":6,"endElement":2,"pointerAtEnding":true},{"type":"element","name":"arrow-7-6","elementType":"ARROW","id":14,"pointerAtBeginning":false,"dashEnabled":false,"startElement":7,"endElement":6,"pointerAtEnding":true},{"type":"element","name":"arrow-7-2","elementType":"ARROW","id":15,"pointerAtBeginning":false,"dashEnabled":false,"startElement":7,"endElement":2,"pointerAtEnding":true},{"type":"element","name":"arrow-3-7","elementType":"ARROW","id":16,"pointerAtBeginning":false,"dashEnabled":false,"startElement":3,"endElement":7,"pointerAtEnding":true},{"type":"element","name":"arrow-8-7","elementType":"ARROW","id":17,"pointerAtBeginning":false,"dashEnabled":false,"startElement":8,"endElement":7,"pointerAtEnding":true},{"type":"attribute","name":"const_dis","element":0,"val":87.85714920256414},{"type":"attribute","name":"randx4t069vem1","element":0,"val":102.57142620189087},{"type":"attribute","name":"rand1kdte7odzs4","element":0,"val":100.00000000669304},{"type":"attribute","name":"randoq8bmrbnyu","element":0,"val":292.28573608397545},{"type":"attribute","name":"rand8nudwwuchsl","element":0,"val":53.42857360839872},{"type":"equation","equation":"x_1  =randx4t069vem1_0  "},{"type":"equation","equation":"y_1  =rand1kdte7odzs4_0  "},{"type":"equation","equation":"x_2  =x_1  "},{"type":"equation","equation":"y_2  =y_1 + const_dis_0"},{"type":"equation","equation":"x_3  =x_2  "},{"type":"equation","equation":"y_3 - y_2=y_2 - y_1"},{"type":"equation","equation":"x_4  =randoq8bmrbnyu_0  "},{"type":"equation","equation":"y_4  =rand8nudwwuchsl_0  "},{"type":"equation","equation":"x_5  =x_4  "},{"type":"equation","equation":"y_4 - y_4=y_1 - y_5"},{"type":"equation","equation":"x_6  =x_5  "},{"type":"equation","equation":"y_4 - y_4=y_2 - y_6"},{"type":"equation","equation":"x_7  =x_6  "},{"type":"equation","equation":"y_7 - y_6=y_6 - y_5"},{"type":"equation","equation":"x_8  =x_7  "},{"type":"equation","equation":"y_6 - y_7=y_7 - y_8"}]