[{"type":"element","name":"1","elementType":"CIRCLE","id":1,"x":101.14286289753682,"y":295.14291381822153,"shape":"","w":10,"h":10,"color":"grey","lightness":900,"text":""},{"type":"element","name":"2","elementType":"CIRCLE","id":2,"x":285.1428722526169,"y":295.1429138178655,"shape":"","w":10,"h":10,"color":"grey","lightness":900,"text":""},{"type":"element","name":"3","elementType":"CIRCLE","id":3,"x":329.7142944526194,"y":254.2857202672342,"shape":"","w":10,"h":10,"color":"grey","lightness":900,"text":""},{"type":"element","name":"4","elementType":"CIRCLE","id":4,"x":145.71428509772431,"y":254.00001622111682,"shape":"","w":10,"h":10,"color":"grey","lightness":900,"text":""},{"type":"element","name":"5","elementType":"CIRCLE","id":5,"x":329.7142944540954,"y":114.57142906954184,"shape":"","w":10,"h":10,"color":"grey","lightness":900,"text":""},{"type":"element","name":"6","elementType":"CIRCLE","id":6,"x":285.14287224624326,"y":158.8571472418935,"shape":"","w":10,"h":10,"color":"grey","lightness":900,"text":""},{"type":"element","name":"7","elementType":"CIRCLE","id":7,"x":101.14286288828595,"y":158.85714723498296,"shape":"","w":10,"h":10,"color":"grey","lightness":900,"text":""},{"type":"element","name":"8","elementType":"CIRCLE","id":8,"x":145.71428509823343,"y":114.2857250240413,"shape":"","w":10,"h":10,"color":"grey","lightness":900,"text":""},{"type":"element","name":"arrow-2-1","elementType":"ARROW","id":9,"pointerAtBeginning":false,"dashEnabled":false,"startElement":2,"endElement":1,"pointerAtEnding":false},{"type":"element","name":"arrow-4-1","elementType":"ARROW","id":10,"pointerAtBeginning":false,"dashEnabled":true,"startElement":4,"endElement":1,"pointerAtEnding":false},{"type":"element","name":"arrow-4-3","elementType":"ARROW","id":11,"pointerAtBeginning":false,"dashEnabled":true,"startElement":4,"endElement":3,"pointerAtEnding":false},{"type":"element","name":"arrow-3-2","elementType":"ARROW","id":12,"pointerAtBeginning":false,"dashEnabled":false,"startElement":3,"endElement":2,"pointerAtEnding":false},{"type":"element","name":"arrow-6-2","elementType":"ARROW","id":13,"pointerAtBeginning":false,"dashEnabled":false,"startElement":6,"endElement":2,"pointerAtEnding":false},{"type":"element","name":"arrow-5-3","elementType":"ARROW","id":14,"pointerAtBeginning":false,"dashEnabled":false,"startElement":5,"endElement":3,"pointerAtEnding":false},{"type":"element","name":"arrow-5-6","elementType":"ARROW","id":15,"pointerAtBeginning":false,"dashEnabled":false,"startElement":5,"endElement":6,"pointerAtEnding":false},{"type":"element","name":"arrow-7-1","elementType":"ARROW","id":16,"pointerAtBeginning":false,"dashEnabled":false,"startElement":7,"endElement":1,"pointerAtEnding":false},{"type":"element","name":"arrow-7-6","elementType":"ARROW","id":17,"pointerAtBeginning":false,"dashEnabled":false,"startElement":7,"endElement":6,"pointerAtEnding":false},{"type":"element","name":"arrow-8-4","elementType":"ARROW","id":18,"pointerAtBeginning":false,"dashEnabled":true,"startElement":8,"endElement":4,"pointerAtEnding":false},{"type":"element","name":"arrow-8-7","elementType":"ARROW","id":19,"pointerAtBeginning":false,"dashEnabled":false,"startElement":8,"endElement":7,"pointerAtEnding":false},{"type":"element","name":"arrow-8-5","elementType":"ARROW","id":20,"pointerAtBeginning":false,"dashEnabled":false,"startElement":8,"endElement":5,"pointerAtEnding":false},{"type":"element","name":"arrow-8-2","elementType":"ARROW","id":21,"pointerAtBeginning":false,"dashEnabled":true,"startElement":8,"endElement":2,"pointerAtEnding":false},{"type":"element","name":"arrow-1-5","elementType":"ARROW","id":22,"pointerAtBeginning":false,"dashEnabled":true,"startElement":1,"endElement":5,"pointerAtEnding":false},{"type":"element","name":"arrow-7-3","elementType":"ARROW","id":23,"pointerAtBeginning":false,"dashEnabled":true,"startElement":7,"endElement":3,"pointerAtEnding":false},{"type":"element","name":"24","elementType":"CIRCLE","id":24,"x":215.42857867542497,"y":204.71431942095353,"shape":"","w":10,"h":10,"color":"red","lightness":900,"text":""},{"type":"attribute","name":"const_dis","element":0,"val":65},{"type":"attribute","name":"rand2z39a6angfd","element":0,"val":101.142862897366},{"type":"attribute","name":"rand2avwniikgyr","element":0,"val":295.14291381877274},{"type":"attribute","name":"rand8pywz4hptyi","element":0,"val":285.14287225547275},{"type":"attribute","name":"randizu89x759w","element":0,"val":329.7142944517328},{"type":"attribute","name":"randgugpw3s1k24","element":0,"val":254.28572026856315},{"type":"attribute","name":"randc7ccbq9sc7j","element":0,"val":158.85714723833507},{"type":"equation","equation":"x_1  =rand2z39a6angfd_0  "},{"type":"equation","equation":"y_1  =rand2avwniikgyr_0  "},{"type":"equation","equation":"y_2  =y_1  "},{"type":"equation","equation":"x_2  =rand8pywz4hptyi_0  "},{"type":"equation","equation":"x_3  =randizu89x759w_0  "},{"type":"equation","equation":"y_3  =randgugpw3s1k24_0  "},{"type":"equation","equation":"x_4 - x_1=x_3 - x_2"},{"type":"equation","equation":"x_5  =x_3  "},{"type":"equation","equation":"y_5 - y_4=x_4 - x_2"},{"type":"equation","equation":"x_6 - x_4=y_4 - y_5"},{"type":"equation","equation":"y_6  =randc7ccbq9sc7j_0  "},{"type":"equation","equation":"x_7 - x_4=x_6 - x_5"},{"type":"equation","equation":"y_7  =randc7ccbq9sc7j_0  "},{"type":"equation","equation":"x_8  =x_4  "},{"type":"equation","equation":"x_4 - x_7=y_7 - y_8"},{"type":"equation","equation":"y_5 - y_3=y_8 - y_4"},{"type":"equation","equation":"x_8 - x_24=x_24 - x_2"},{"type":"equation","equation":"y_8 - y_24=y_24 - y_2"}]