[{"type":"element","name":"1","elementType":"RECTANGLE","id":1,"x":81.71428680435673,"y":114.8571472167225,"shape":"","w":40,"h":40,"color":"green","lightness":400,"text":""},{"type":"element","name":"2","elementType":"RECTANGLE","id":2,"x":121.71428680415747,"y":114.85714721677806,"shape":"","w":40,"h":40,"color":"green","lightness":400,"text":""},{"type":"element","name":"3","elementType":"RECTANGLE","id":3,"x":161.71428680392492,"y":114.85714721667075,"shape":"","w":40,"h":40,"color":"red","lightness":400,"text":""},{"type":"element","name":"4","elementType":"RECTANGLE","id":4,"x":201.71428680362177,"y":114.85714721683728,"shape":"","w":40,"h":40,"color":"green","lightness":400,"text":""},{"type":"element","name":"5","elementType":"RECTANGLE","id":5,"x":241.71428680328097,"y":114.85714721687735,"shape":"","w":40,"h":40,"color":"green","lightness":400,"text":""},{"type":"element","name":"6","elementType":"RECTANGLE","id":6,"x":281.7142868029299,"y":114.85714721688643,"shape":"","w":40,"h":40,"color":"red","lightness":400,"text":""},{"type":"element","name":"7","elementType":"RECTANGLE","id":7,"x":81.71428680430826,"y":210.5714569091766,"shape":"","w":40,"h":40,"color":"green","lightness":400,"text":"1"},{"type":"element","name":"8","elementType":"RECTANGLE","id":8,"x":121.71428680410442,"y":210.57145690917673,"shape":"","w":40,"h":40,"color":"red","lightness":400,"text":""},{"type":"element","name":"9","elementType":"RECTANGLE","id":9,"x":161.71428680393112,"y":210.57145690917653,"shape":"","w":40,"h":40,"color":"red","lightness":400,"text":""},{"type":"element","name":"10","elementType":"RECTANGLE","id":10,"x":201.7142868037321,"y":210.57145690918003,"shape":"","w":40,"h":40,"color":"red","lightness":400,"text":""},{"type":"element","name":"11","elementType":"RECTANGLE","id":11,"x":241.71428680351227,"y":210.57145690918293,"shape":"","w":40,"h":40,"color":"red","lightness":400,"text":""},{"type":"element","name":"12","elementType":"RECTANGLE","id":12,"x":281.71428680329836,"y":210.57145690920186,"shape":"","w":40,"h":40,"color":"red","lightness":400,"text":""},{"type":"element","name":"13","elementType":"RECTANGLE","id":13,"x":81.71428680424395,"y":250.57145690900734,"shape":"","w":40,"h":40,"color":"blue","lightness":400,"text":"0"},{"type":"element","name":"14","elementType":"RECTANGLE","id":14,"x":121.71428680407492,"y":250.57145690902414,"shape":"","w":40,"h":40,"color":"green","lightness":400,"text":"1"},{"type":"element","name":"15","elementType":"RECTANGLE","id":15,"x":161.71428680388973,"y":250.5714569090281,"shape":"","w":40,"h":40,"color":"red","lightness":400,"text":""},{"type":"element","name":"16","elementType":"RECTANGLE","id":16,"x":201.71428680369263,"y":250.5714569090344,"shape":"","w":40,"h":40,"color":"red","lightness":400,"text":""},{"type":"element","name":"17","elementType":"RECTANGLE","id":17,"x":241.71428680353458,"y":250.57145690903803,"shape":"","w":40,"h":40,"color":"red","lightness":400,"text":""},{"type":"element","name":"18","elementType":"RECTANGLE","id":18,"x":281.7142868033743,"y":250.57145690904133,"shape":"","w":40,"h":40,"color":"red","lightness":400,"text":""},{"type":"element","name":"19","elementType":"RECTANGLE","id":19,"x":81.71428680425768,"y":290.57145690888984,"shape":"","w":40,"h":40,"color":"blue","lightness":400,"text":"0"},{"type":"element","name":"20","elementType":"RECTANGLE","id":20,"x":121.71428680411147,"y":290.57145690889314,"shape":"","w":40,"h":40,"color":"blue","lightness":400,"text":"0"},{"type":"element","name":"21","elementType":"RECTANGLE","id":21,"x":161.71428680396676,"y":290.57145690889837,"shape":"","w":40,"h":40,"color":"blue","lightness":400,"text":"0"},{"type":"element","name":"22","elementType":"RECTANGLE","id":22,"x":201.71428680383315,"y":290.5714569089017,"shape":"","w":40,"h":40,"color":"green","lightness":400,"text":"1"},{"type":"element","name":"23","elementType":"RECTANGLE","id":23,"x":241.71428680370505,"y":290.5714569089056,"shape":"","w":40,"h":40,"color":"red","lightness":400,"text":""},{"type":"element","name":"24","elementType":"RECTANGLE","id":24,"x":281.7142868035783,"y":290.5714569089099,"shape":"","w":40,"h":40,"color":"red","lightness":400,"text":""},{"type":"element","name":"25","elementType":"RECTANGLE","id":25,"x":81.71428680425379,"y":330.57145690877945,"shape":"","w":40,"h":40,"color":"blue","lightness":400,"text":"0"},{"type":"element","name":"26","elementType":"RECTANGLE","id":26,"x":121.7142868041137,"y":330.5714569087821,"shape":"","w":40,"h":40,"color":"blue","lightness":400,"text":"0"},{"type":"element","name":"27","elementType":"RECTANGLE","id":27,"x":161.71428680396747,"y":330.571456908785,"shape":"","w":40,"h":40,"color":"blue","lightness":400,"text":"0"},{"type":"element","name":"28","elementType":"RECTANGLE","id":28,"x":201.71428680381766,"y":330.57145690878593,"shape":"","w":40,"h":40,"color":"blue","lightness":400,"text":"0"},{"type":"element","name":"29","elementType":"RECTANGLE","id":29,"x":241.71428680366765,"y":330.5714569087873,"shape":"","w":40,"h":40,"color":"green","lightness":400,"text":"1"},{"type":"element","name":"30","elementType":"RECTANGLE","id":30,"x":281.71428680351806,"y":330.57145690878724,"shape":"","w":40,"h":40,"color":"red","lightness":400,"text":""},{"type":"element","name":"arrow-7-1","elementType":"ARROW","id":31,"pointerAtBeginning":false,"dashEnabled":true,"startElement":7,"endElement":1,"pointerAtEnding":true},{"type":"element","name":"arrow-14-2","elementType":"ARROW","id":32,"pointerAtBeginning":false,"dashEnabled":true,"startElement":14,"endElement":2,"pointerAtEnding":true},{"type":"element","name":"arrow-22-4","elementType":"ARROW","id":33,"pointerAtBeginning":false,"dashEnabled":true,"startElement":22,"endElement":4,"pointerAtEnding":true},{"type":"element","name":"arrow-29-5","elementType":"ARROW","id":34,"pointerAtBeginning":false,"dashEnabled":true,"startElement":29,"endElement":5,"pointerAtEnding":true},{"type":"attribute","name":"const_dis","element":0,"val":39.999999999818705},{"type":"attribute","name":"randnjbs3g1qxm","element":0,"val":81.71428680437295},{"type":"attribute","name":"randycapgnlz1dd","element":0,"val":114.85714721670416},{"type":"attribute","name":"rand4qtey824575","element":0,"val":210.57145690917625},{"type":"equation","equation":"x_1  =randnjbs3g1qxm_0  "},{"type":"equation","equation":"y_1  =randycapgnlz1dd_0  "},{"type":"equation","equation":"x_2  =x_1 + const_dis_0"},{"type":"equation","equation":"y_2  =y_1  "},{"type":"equation","equation":"x_3 - x_2=x_2 - x_1"},{"type":"equation","equation":"y_3  =y_2  "},{"type":"equation","equation":"x_4 - x_3=x_3 - x_2"},{"type":"equation","equation":"y_4  =y_3  "},{"type":"equation","equation":"x_3 - x_4=x_4 - x_5"},{"type":"equation","equation":"y_5  =y_4  "},{"type":"equation","equation":"x_4 - x_5=x_5 - x_6"},{"type":"equation","equation":"y_6  =y_5  "},{"type":"equation","equation":"x_6 - x_6=x_1 - x_7"},{"type":"equation","equation":"y_7  =rand4qtey824575_0  "},{"type":"equation","equation":"x_8  =x_2  "},{"type":"equation","equation":"y_8  =rand4qtey824575_0  "},{"type":"equation","equation":"x_9 - x_8=x_8 - x_7"},{"type":"equation","equation":"y_9  =y_8  "},{"type":"equation","equation":"x_10 - x_9=x_9 - x_8"},{"type":"equation","equation":"y_10  =y_9  "},{"type":"equation","equation":"x_11 - x_10=x_10 - x_9"},{"type":"equation","equation":"y_11  =y_10  "},{"type":"equation","equation":"x_12 - x_11=x_11 - x_10"},{"type":"equation","equation":"y_12  =y_11  "},{"type":"equation","equation":"x_12 - x_12=x_7 - x_13"},{"type":"equation","equation":"y_13 - y_12=x_12 - x_11"},{"type":"equation","equation":"x_14 - x_13=y_13 - y_12"},{"type":"equation","equation":"y_14  =y_13  "},{"type":"equation","equation":"x_15 - x_14=x_14 - x_13"},{"type":"equation","equation":"y_15  =y_14  "},{"type":"equation","equation":"x_16 - x_15=x_15 - x_14"},{"type":"equation","equation":"y_16  =y_15  "},{"type":"equation","equation":"x_17 - x_16=x_16 - x_15"},{"type":"equation","equation":"y_17  =y_16  "},{"type":"equation","equation":"x_18 - x_17=x_17 - x_16"},{"type":"equation","equation":"y_18  =y_17  "},{"type":"equation","equation":"x_18 - x_18=x_13 - x_19"},{"type":"equation","equation":"x_17 - x_18=y_18 - y_19"},{"type":"equation","equation":"x_20 - x_19=y_19 - y_18"},{"type":"equation","equation":"y_20  =y_19  "},{"type":"equation","equation":"x_21 - x_20=x_20 - x_19"},{"type":"equation","equation":"y_21  =y_20  "},{"type":"equation","equation":"x_22 - x_21=x_21 - x_20"},{"type":"equation","equation":"y_22  =y_21  "},{"type":"equation","equation":"x_23 - x_22=x_22 - x_21"},{"type":"equation","equation":"y_23  =y_22  "},{"type":"equation","equation":"x_24 - x_23=x_23 - x_22"},{"type":"equation","equation":"y_24  =y_23  "},{"type":"equation","equation":"x_24 - x_24=x_19 - x_25"},{"type":"equation","equation":"x_23 - x_24=y_24 - y_25"},{"type":"equation","equation":"x_26 - x_25=y_25 - y_24"},{"type":"equation","equation":"y_26  =y_25  "},{"type":"equation","equation":"x_27 - x_26=x_26 - x_25"},{"type":"equation","equation":"y_27  =y_26  "},{"type":"equation","equation":"x_28 - x_27=x_27 - x_26"},{"type":"equation","equation":"y_28  =y_27  "},{"type":"equation","equation":"x_29 - x_28=x_28 - x_27"},{"type":"equation","equation":"y_29  =y_28  "},{"type":"equation","equation":"x_30 - x_29=x_29 - x_28"},{"type":"equation","equation":"y_30  =y_29  "}]