[{"type":"element","name":"1","elementType":"CIRCLE","id":1,"x":71.42857488472454,"y":191.71430999645207,"color":"green","w":60,"h":60,"lightness":200,"text":"明"},{"type":"element","name":"2","elementType":"CIRCLE","id":2,"x":157.95238675163066,"y":191.71430999461373,"color":"green","w":60,"h":60,"lightness":400,"text":"暗"},{"type":"element","name":"3","elementType":"CIRCLE","id":3,"x":244.476198616945,"y":191.71430999279136,"color":"green","w":60,"h":60,"lightness":200,"text":"明"},{"type":"element","name":"4","elementType":"CIRCLE","id":4,"x":331.00001047985086,"y":191.7143099904511,"color":"green","w":60,"h":60,"lightness":400,"text":"暗"},{"type":"element","name":"5","elementType":"CIRCLE","id":5,"x":71.4285748841233,"y":278.2381218505561,"color":"green","w":70,"h":70,"lightness":200,"text":"明明"},{"type":"element","name":"6","elementType":"CIRCLE","id":6,"x":157.95238674341158,"y":278.23812184911804,"color":"green","w":70,"h":70,"lightness":300,"text":"明暗"},{"type":"element","name":"7","elementType":"CIRCLE","id":7,"x":244.47619860235497,"y":278.2381218482823,"color":"green","w":70,"h":70,"lightness":300,"text":"明暗"},{"type":"element","name":"8","elementType":"CIRCLE","id":8,"x":331.0000104612042,"y":278.23812184794133,"color":"green","w":70,"h":70,"lightness":400,"text":"暗暗"},{"type":"element","name":"9","elementType":"CIRCLE","id":9,"x":114.69048081374288,"y":105.19049813290498,"color":"green","w":70,"h":70,"lightness":300,"text":"明暗"},{"type":"element","name":"10","elementType":"CIRCLE","id":10,"x":287.73810452877973,"y":105.19049813290506,"color":"green","w":70,"h":70,"lightness":300,"text":"明暗"},{"type":"element","name":"arrow-9-1","elementType":"ARROW","id":11,"pointerAtBeginning":false,"dashEnabled":false,"startElement":9,"endElement":1,"pointerAtEnding":true},{"type":"element","name":"arrow-9-2","elementType":"ARROW","id":12,"pointerAtBeginning":false,"dashEnabled":false,"startElement":9,"endElement":2,"pointerAtEnding":true},{"type":"element","name":"arrow-10-3","elementType":"ARROW","id":13,"pointerAtBeginning":false,"dashEnabled":false,"startElement":10,"endElement":3,"pointerAtEnding":true},{"type":"element","name":"arrow-10-4","elementType":"ARROW","id":14,"pointerAtBeginning":false,"dashEnabled":false,"startElement":10,"endElement":4,"pointerAtEnding":true},{"type":"element","name":"arrow-1-5","elementType":"ARROW","id":15,"pointerAtBeginning":false,"dashEnabled":false,"startElement":1,"endElement":5,"pointerAtEnding":true},{"type":"element","name":"arrow-1-6","elementType":"ARROW","id":16,"pointerAtBeginning":false,"dashEnabled":false,"startElement":1,"endElement":6,"pointerAtEnding":true},{"type":"element","name":"arrow-2-7","elementType":"ARROW","id":17,"pointerAtBeginning":false,"dashEnabled":false,"startElement":2,"endElement":7,"pointerAtEnding":true},{"type":"element","name":"arrow-2-8","elementType":"ARROW","id":18,"pointerAtBeginning":false,"dashEnabled":false,"startElement":2,"endElement":8,"pointerAtEnding":true},{"type":"element","name":"arrow-3-5","elementType":"ARROW","id":19,"pointerAtBeginning":false,"dashEnabled":false,"startElement":3,"endElement":5,"pointerAtEnding":true},{"type":"element","name":"arrow-3-7","elementType":"ARROW","id":20,"pointerAtBeginning":false,"dashEnabled":false,"startElement":3,"endElement":7,"pointerAtEnding":true},{"type":"element","name":"arrow-4-6","elementType":"ARROW","id":21,"pointerAtBeginning":false,"dashEnabled":false,"startElement":4,"endElement":6,"pointerAtEnding":true},{"type":"element","name":"arrow-4-8","elementType":"ARROW","id":22,"pointerAtBeginning":false,"dashEnabled":false,"startElement":4,"endElement":8,"pointerAtEnding":true},{"type":"attribute","name":"const_dis","element":0,"val":86.52381186746241},{"type":"attribute","name":"randsy8artqxrjh","element":0,"val":71.42857488447362},{"type":"attribute","name":"rand7u1ivpwpuot","element":0,"val":191.71430999740207},{"type":"equation","equation":"x_1  =randsy8artqxrjh_0  "},{"type":"equation","equation":"y_1  =rand7u1ivpwpuot_0  "},{"type":"equation","equation":"x_2  =x_1 + const_dis_0"},{"type":"equation","equation":"y_2  =y_1  "},{"type":"equation","equation":"x_3 - x_2=x_2 - x_1"},{"type":"equation","equation":"y_3  =y_2  "},{"type":"equation","equation":"x_4 - x_3=x_3 - x_2"},{"type":"equation","equation":"y_4  =y_3  "},{"type":"equation","equation":"x_5  =x_1  "},{"type":"equation","equation":"y_5 - y_4=x_4 - x_3"},{"type":"equation","equation":"x_6 - x_5=y_5 - y_4"},{"type":"equation","equation":"y_6  =y_5  "},{"type":"equation","equation":"x_7 - x_6=x_6 - x_5"},{"type":"equation","equation":"y_7  =y_6  "},{"type":"equation","equation":"x_8 - x_7=x_7 - x_6"},{"type":"equation","equation":"y_8  =y_7  "},{"type":"equation","equation":"x_9 - x_6=x_5 - x_9"},{"type":"equation","equation":"y_9 - y_4=y_4 - y_8"},{"type":"equation","equation":"x_9 - x_10=y_9 - y_8"},{"type":"equation","equation":"y_10  =y_9  "}]