[{"type":"element","name":"1","elementType":"RECTANGLE","id":1,"x":256.8571776496233,"y":364.85714722250356,"shape":"","w":100,"h":30,"color":"purple","lightness":100,"text":"坐标编码"},{"type":"element","name":"2","elementType":"RECTANGLE","id":2,"x":256.85717764868866,"y":302.4286155119476,"shape":"","w":100,"h":30,"color":"blue","lightness":400,"text":"合并"},{"type":"element","name":"3","elementType":"RECTANGLE","id":3,"x":256.8571776450112,"y":240.00008380087573,"shape":"","w":100,"h":30,"color":"orange","lightness":400,"text":"多头注意力"},{"type":"element","name":"4","elementType":"RECTANGLE","id":4,"x":256.85717764175024,"y":177.57155208871708,"shape":"","w":100,"h":30,"color":"yellow","lightness":100,"text":"叠加与归一化"},{"type":"element","name":"5","elementType":"RECTANGLE","id":5,"x":256.8571776397089,"y":115.14302037600785,"shape":"","w":100,"h":30,"color":"green","lightness":200,"text":"编码器输出"},{"type":"element","name":"6","elementType":"RECTANGLE","id":6,"x":132.00011421357422,"y":302.4286155119719,"shape":"","w":100,"h":30,"color":"purple","lightness":100,"text":"输入编码"},{"type":"element","name":"7","elementType":"RECTANGLE","id":7,"x":132.0001142124899,"y":241.14301108428867,"shape":"","w":100,"h":30,"color":"yellow","lightness":100,"text":"叠加与归一化"},{"type":"element","name":"8","elementType":"RECTANGLE","id":8,"x":132.00011421248982,"y":179.85740665660515,"shape":"","w":100,"h":30,"color":"blue","lightness":200,"text":"前馈网络"},{"type":"element","name":"arrow-6-2","elementType":"ARROW","id":9,"pointerAtBeginning":false,"dashEnabled":false,"startElement":6,"endElement":2,"pointerAtEnding":true},{"type":"element","name":"arrow-2-3","elementType":"ARROW","id":10,"pointerAtBeginning":false,"dashEnabled":false,"startElement":2,"endElement":3,"pointerAtEnding":true},{"type":"element","name":"arrow-2-7","elementType":"ARROW","id":11,"pointerAtBeginning":false,"dashEnabled":false,"startElement":2,"endElement":7,"pointerAtEnding":true},{"type":"element","name":"arrow-3-7","elementType":"ARROW","id":12,"pointerAtBeginning":false,"dashEnabled":false,"startElement":3,"endElement":7,"pointerAtEnding":true},{"type":"element","name":"arrow-7-8","elementType":"ARROW","id":13,"pointerAtBeginning":false,"dashEnabled":false,"startElement":7,"endElement":8,"pointerAtEnding":true},{"type":"element","name":"arrow-7-4","elementType":"ARROW","id":14,"pointerAtBeginning":false,"dashEnabled":false,"startElement":7,"endElement":4,"pointerAtEnding":true},{"type":"element","name":"arrow-8-4","elementType":"ARROW","id":15,"pointerAtBeginning":false,"dashEnabled":false,"startElement":8,"endElement":4,"pointerAtEnding":true},{"type":"element","name":"arrow-4-5","elementType":"ARROW","id":16,"pointerAtBeginning":false,"dashEnabled":false,"startElement":4,"endElement":5,"pointerAtEnding":true},{"type":"attribute","name":"const_dis","element":0,"val":62.42853171054202},{"type":"attribute","name":"randj1nzknhmkc","element":0,"val":256.85717765184455},{"type":"attribute","name":"randjgg8hpg8zho","element":0,"val":364.85714722213663},{"type":"attribute","name":"randksnz0ab5jqt","element":0,"val":241.1430110842855},{"type":"equation","equation":"x_1  =randj1nzknhmkc_0  "},{"type":"equation","equation":"y_1  =randjgg8hpg8zho_0  "},{"type":"equation","equation":"x_2  =x_1  "},{"type":"equation","equation":"y_2  =y_1 - const_dis_0"},{"type":"equation","equation":"x_3  =x_2  "},{"type":"equation","equation":"y_3 - y_2=y_2 - y_1"},{"type":"equation","equation":"x_4  =x_3  "},{"type":"equation","equation":"y_4 - y_3=y_3 - y_2"},{"type":"equation","equation":"x_5  =x_4  "},{"type":"equation","equation":"y_5 - y_4=y_4 - y_3"},{"type":"equation","equation":"y_6  =y_2  "},{"type":"equation","equation":"x_5 - x_6=y_3 - y_5"},{"type":"equation","equation":"y_6  =y_2  "},{"type":"equation","equation":"x_7  =x_6  "},{"type":"equation","equation":"y_7  =randksnz0ab5jqt_0  "},{"type":"equation","equation":"x_8  =x_7  "},{"type":"equation","equation":"y_6 - y_7=y_7 - y_8"}]