[{"type":"element","name":"1","elementType":"CIRCLE","id":1,"x":85.1428602858223,"y":325.71429443405594,"shape":"","w":10,"h":10,"color":"grey","lightness":900,"text":""},{"type":"element","name":"2","elementType":"CIRCLE","id":2,"x":150.14286025839135,"y":272.28573608389894,"shape":"","w":10,"h":10,"color":"grey","lightness":900,"text":""},{"type":"element","name":"3","elementType":"CIRCLE","id":3,"x":301.4285888780971,"y":325.71429443387956,"shape":"","w":10,"h":10,"color":"grey","lightness":900,"text":""},{"type":"element","name":"4","elementType":"CIRCLE","id":4,"x":366.42858885070166,"y":272.28573608391866,"shape":"","w":10,"h":10,"color":"grey","lightness":900,"text":""},{"type":"element","name":"5","elementType":"CIRCLE","id":5,"x":85.14286028583308,"y":109.42856584192057,"shape":"","w":10,"h":10,"color":"grey","lightness":900,"text":""},{"type":"element","name":"6","elementType":"CIRCLE","id":6,"x":150.1428602582765,"y":56.000007491529,"shape":"","w":10,"h":10,"color":"grey","lightness":900,"text":""},{"type":"element","name":"7","elementType":"CIRCLE","id":7,"x":301.42858887808467,"y":109.42856584143289,"shape":"","w":10,"h":10,"color":"grey","lightness":900,"text":""},{"type":"element","name":"8","elementType":"CIRCLE","id":8,"x":366.4285888504898,"y":56.000007491606624,"shape":"","w":10,"h":10,"color":"grey","lightness":900,"text":""},{"type":"element","name":"arrow-1-5","elementType":"ARROW","id":9,"pointerAtBeginning":false,"dashEnabled":false,"startElement":1,"endElement":5,"pointerAtEnding":false},{"type":"element","name":"arrow-1-2","elementType":"ARROW","id":10,"pointerAtBeginning":false,"dashEnabled":true,"startElement":1,"endElement":2,"pointerAtEnding":false},{"type":"element","name":"arrow-1-3","elementType":"ARROW","id":11,"pointerAtBeginning":false,"dashEnabled":false,"startElement":1,"endElement":3,"pointerAtEnding":false},{"type":"element","name":"arrow-2-4","elementType":"ARROW","id":12,"pointerAtBeginning":false,"dashEnabled":true,"startElement":2,"endElement":4,"pointerAtEnding":false},{"type":"element","name":"arrow-3-4","elementType":"ARROW","id":13,"pointerAtBeginning":false,"dashEnabled":false,"startElement":3,"endElement":4,"pointerAtEnding":false},{"type":"element","name":"arrow-4-8","elementType":"ARROW","id":14,"pointerAtBeginning":false,"dashEnabled":false,"startElement":4,"endElement":8,"pointerAtEnding":false},{"type":"element","name":"arrow-7-8","elementType":"ARROW","id":15,"pointerAtBeginning":false,"dashEnabled":false,"startElement":7,"endElement":8,"pointerAtEnding":false},{"type":"element","name":"arrow-3-7","elementType":"ARROW","id":16,"pointerAtBeginning":false,"dashEnabled":false,"startElement":3,"endElement":7,"pointerAtEnding":false},{"type":"element","name":"arrow-6-8","elementType":"ARROW","id":17,"pointerAtBeginning":false,"dashEnabled":false,"startElement":6,"endElement":8,"pointerAtEnding":false},{"type":"element","name":"arrow-5-6","elementType":"ARROW","id":18,"pointerAtBeginning":false,"dashEnabled":false,"startElement":5,"endElement":6,"pointerAtEnding":false},{"type":"element","name":"arrow-5-7","elementType":"ARROW","id":19,"pointerAtBeginning":false,"dashEnabled":false,"startElement":5,"endElement":7,"pointerAtEnding":false},{"type":"element","name":"arrow-2-6","elementType":"ARROW","id":20,"pointerAtBeginning":false,"dashEnabled":true,"startElement":2,"endElement":6,"pointerAtEnding":false},{"type":"element","name":"arrow-1-8","elementType":"ARROW","id":21,"pointerAtBeginning":false,"dashEnabled":true,"startElement":1,"endElement":8,"pointerAtEnding":false},{"type":"element","name":"arrow-6-3","elementType":"ARROW","id":22,"pointerAtBeginning":false,"dashEnabled":true,"startElement":6,"endElement":3,"pointerAtEnding":false},{"type":"element","name":"arrow-5-4","elementType":"ARROW","id":23,"pointerAtBeginning":false,"dashEnabled":true,"startElement":5,"endElement":4,"pointerAtEnding":false},{"type":"element","name":"24","elementType":"CIRCLE","id":24,"x":225.785724568187,"y":190.85715096270414,"shape":"","w":10,"h":10,"color":"red","lightness":900,"text":""},{"type":"attribute","name":"const_dis","element":0,"val":64.99999997249361},{"type":"attribute","name":"randmco1yhdkdzk","element":0,"val":85.14286028552658},{"type":"attribute","name":"randk4dr4a8qx7m","element":0,"val":272.2857360839266},{"type":"attribute","name":"rand1f2euz325mki","element":0,"val":301.4285888780947},{"type":"attribute","name":"randeekiqsokk6f","element":0,"val":56.00000749149087},{"type":"attribute","name":"rand4vapx62wkvs","element":0,"val":325.7142944340846},{"type":"equation","equation":"x_1  =randmco1yhdkdzk_0  "},{"type":"equation","equation":"y_1  =rand4vapx62wkvs_0  "},{"type":"equation","equation":"x_2  =x_1 + const_dis_0"},{"type":"equation","equation":"y_2  =randk4dr4a8qx7m_0  "},{"type":"equation","equation":"y_3  =y_1  "},{"type":"equation","equation":"x_3  =rand1f2euz325mki_0  "},{"type":"equation","equation":"x_4 - x_3=x_2 - x_1"},{"type":"equation","equation":"y_4  =y_2  "},{"type":"equation","equation":"x_1 - x_3=x_2 - x_4"},{"type":"equation","equation":"x_5  =x_1  "},{"type":"equation","equation":"x_6  =x_2  "},{"type":"equation","equation":"y_6  =randeekiqsokk6f_0  "},{"type":"equation","equation":"x_7  =x_3  "},{"type":"equation","equation":"x_8 - x_7=x_6 - x_5"},{"type":"equation","equation":"x_1 - x_3=y_5 - y_1"},{"type":"equation","equation":"x_2 - x_4=y_6 - y_2"},{"type":"equation","equation":"x_1 - x_3=y_7 - y_3"},{"type":"equation","equation":"x_2 - x_4=y_8 - y_4"},{"type":"equation","equation":"x_6 - x_24=x_24 - x_3"},{"type":"equation","equation":"y_6 - y_24=y_24 - y_3"}]