[{"type":"element","name":"1","elementType":"RECTANGLE","id":1,"x":72.85714721656208,"y":165.14288330087606,"shape":"","w":40,"h":40,"color":"green","lightness":400,"text":"1"},{"type":"element","name":"2","elementType":"RECTANGLE","id":2,"x":112.85714721644867,"y":165.1428833010414,"shape":"","w":40,"h":40,"color":"red","lightness":400,"text":""},{"type":"element","name":"3","elementType":"RECTANGLE","id":3,"x":152.85714721632888,"y":165.14288330096937,"shape":"","w":40,"h":40,"color":"red","lightness":400,"text":""},{"type":"element","name":"4","elementType":"RECTANGLE","id":4,"x":192.85714721622853,"y":165.1428833007944,"shape":"","w":40,"h":40,"color":"red","lightness":400,"text":""},{"type":"element","name":"5","elementType":"RECTANGLE","id":5,"x":232.85714721617427,"y":165.14288330071446,"shape":"","w":40,"h":40,"color":"red","lightness":400,"text":""},{"type":"element","name":"6","elementType":"RECTANGLE","id":6,"x":272.8571472161566,"y":165.1428833006818,"shape":"","w":40,"h":40,"color":"red","lightness":400,"text":""},{"type":"element","name":"7","elementType":"RECTANGLE","id":7,"x":272.8571472161593,"y":205.14288330067407,"shape":"","w":40,"h":40,"color":"red","lightness":400,"text":""},{"type":"element","name":"8","elementType":"RECTANGLE","id":8,"x":272.8571472161431,"y":245.14288330065486,"shape":"","w":40,"h":40,"color":"red","lightness":400,"text":""},{"type":"element","name":"9","elementType":"RECTANGLE","id":9,"x":272.8571472161895,"y":285.1428833006407,"shape":"","w":40,"h":40,"color":"red","lightness":400,"text":""},{"type":"element","name":"10","elementType":"RECTANGLE","id":10,"x":232.8571472162091,"y":285.14288330064784,"shape":"","w":40,"h":40,"color":"green","lightness":400,"text":"1"},{"type":"element","name":"11","elementType":"RECTANGLE","id":11,"x":192.85714721623881,"y":285.142883300632,"shape":"","w":40,"h":40,"color":"blue","lightness":400,"text":"0"},{"type":"element","name":"12","elementType":"RECTANGLE","id":12,"x":152.8571472163012,"y":285.14288330063033,"shape":"","w":40,"h":40,"color":"blue","lightness":400,"text":"0"},{"type":"element","name":"13","elementType":"RECTANGLE","id":13,"x":112.85714721637555,"y":285.1428833006341,"shape":"","w":40,"h":40,"color":"blue","lightness":400,"text":"0"},{"type":"element","name":"14","elementType":"RECTANGLE","id":14,"x":72.8571472164103,"y":285.14288330063397,"shape":"","w":40,"h":40,"color":"blue","lightness":400,"text":"0"},{"type":"element","name":"15","elementType":"RECTANGLE","id":15,"x":72.85714721643046,"y":245.1428833007147,"shape":"","w":40,"h":40,"color":"blue","lightness":400,"text":"0"},{"type":"element","name":"16","elementType":"RECTANGLE","id":16,"x":72.85714721643514,"y":205.14288330077545,"shape":"","w":40,"h":40,"color":"blue","lightness":400,"text":"0"},{"type":"element","name":"17","elementType":"RECTANGLE","id":17,"x":112.85714721637386,"y":205.1428833007795,"shape":"","w":40,"h":40,"color":"green","lightness":400,"text":"1"},{"type":"element","name":"18","elementType":"RECTANGLE","id":18,"x":152.85714721631214,"y":205.1428833007812,"shape":"","w":40,"h":40,"color":"red","lightness":400,"text":""},{"type":"element","name":"19","elementType":"RECTANGLE","id":19,"x":192.85714721624902,"y":205.14288330078315,"shape":"","w":40,"h":40,"color":"red","lightness":400,"text":""},{"type":"element","name":"20","elementType":"RECTANGLE","id":20,"x":232.8571472161764,"y":205.14288330078622,"shape":"","w":40,"h":40,"color":"red","lightness":400,"text":""},{"type":"element","name":"21","elementType":"RECTANGLE","id":21,"x":232.85714721618504,"y":245.14288330070738,"shape":"","w":40,"h":40,"color":"red","lightness":400,"text":""},{"type":"element","name":"22","elementType":"RECTANGLE","id":22,"x":192.85714721625,"y":245.14288330070983,"shape":"","w":40,"h":40,"color":"green","lightness":400,"text":"1"},{"type":"element","name":"23","elementType":"RECTANGLE","id":23,"x":152.85714721632863,"y":245.14288330070988,"shape":"","w":40,"h":40,"color":"blue","lightness":400,"text":"0"},{"type":"element","name":"24","elementType":"RECTANGLE","id":24,"x":112.85714721640264,"y":245.14288330070968,"shape":"","w":40,"h":40,"color":"blue","lightness":400,"text":"0"},{"type":"element","name":"25","elementType":"RECTANGLE","id":25,"x":72.85714721649414,"y":45.14288330084457,"shape":"","w":40,"h":40,"color":"green","lightness":400,"text":""},{"type":"element","name":"26","elementType":"RECTANGLE","id":26,"x":112.85714721640944,"y":45.142883300827364,"shape":"","w":40,"h":40,"color":"green","lightness":400,"text":""},{"type":"element","name":"27","elementType":"RECTANGLE","id":27,"x":152.85714721632533,"y":45.14288330083415,"shape":"","w":40,"h":40,"color":"red","lightness":400,"text":""},{"type":"element","name":"28","elementType":"RECTANGLE","id":28,"x":192.85714721623944,"y":45.14288330083534,"shape":"","w":40,"h":40,"color":"green","lightness":400,"text":""},{"type":"element","name":"29","elementType":"RECTANGLE","id":29,"x":232.85714721615517,"y":45.14288330083545,"shape":"","w":40,"h":40,"color":"green","lightness":400,"text":""},{"type":"element","name":"30","elementType":"RECTANGLE","id":30,"x":272.8571472160704,"y":45.14288330083552,"shape":"","w":40,"h":40,"color":"red","lightness":400,"text":""},{"type":"element","name":"arrow-1-25","elementType":"ARROW","id":31,"pointerAtBeginning":false,"dashEnabled":true,"startElement":1,"endElement":25,"pointerAtEnding":true},{"type":"element","name":"arrow-17-26","elementType":"ARROW","id":32,"pointerAtBeginning":false,"dashEnabled":true,"startElement":17,"endElement":26,"pointerAtEnding":true},{"type":"element","name":"arrow-22-28","elementType":"ARROW","id":33,"pointerAtBeginning":false,"dashEnabled":true,"startElement":22,"endElement":28,"pointerAtEnding":true},{"type":"element","name":"arrow-10-29","elementType":"ARROW","id":34,"pointerAtBeginning":false,"dashEnabled":true,"startElement":10,"endElement":29,"pointerAtEnding":true},{"type":"attribute","name":"const_dis","element":0,"val":39.99999999987843},{"type":"attribute","name":"randy8k8ygmvtgd","element":0,"val":72.85714721649936},{"type":"attribute","name":"randr0aatykzu6f","element":0,"val":165.14288330088718},{"type":"equation","equation":"x_1  =randy8k8ygmvtgd_0  "},{"type":"equation","equation":"y_1  =randr0aatykzu6f_0  "},{"type":"equation","equation":"x_2  =x_1 + const_dis_0"},{"type":"equation","equation":"y_2  =y_1  "},{"type":"equation","equation":"x_3 - x_2=x_2 - x_1"},{"type":"equation","equation":"y_3  =y_2  "},{"type":"equation","equation":"x_4 - x_3=x_3 - x_2"},{"type":"equation","equation":"y_4  =y_3  "},{"type":"equation","equation":"x_3 - x_4=x_4 - x_5"},{"type":"equation","equation":"y_5  =y_4  "},{"type":"equation","equation":"x_4 - x_5=x_5 - x_6"},{"type":"equation","equation":"y_6  =y_5  "},{"type":"equation","equation":"x_7  =x_6  "},{"type":"equation","equation":"y_7 - y_6=x_6 - x_5"},{"type":"equation","equation":"x_8  =x_7  "},{"type":"equation","equation":"y_7 - y_8=x_5 - x_7"},{"type":"equation","equation":"x_9  =x_8  "},{"type":"equation","equation":"y_9 - y_8=y_8 - y_7"},{"type":"equation","equation":"x_10 - x_9=y_8 - y_9"},{"type":"equation","equation":"y_10  =y_9  "},{"type":"equation","equation":"x_11 - x_10=x_10 - x_9"},{"type":"equation","equation":"y_11  =y_10  "},{"type":"equation","equation":"x_12 - x_11=x_11 - x_10"},{"type":"equation","equation":"y_12  =y_11  "},{"type":"equation","equation":"x_13 - x_12=x_12 - x_11"},{"type":"equation","equation":"y_13  =y_12  "},{"type":"equation","equation":"x_14 - x_13=x_13 - x_12"},{"type":"equation","equation":"y_14  =y_13  "},{"type":"equation","equation":"x_15  =x_14  "},{"type":"equation","equation":"y_15 - y_14=x_14 - x_13"},{"type":"equation","equation":"x_16  =x_15  "},{"type":"equation","equation":"y_16 - y_15=y_15 - y_14"},{"type":"equation","equation":"x_17 - x_16=y_15 - y_16"},{"type":"equation","equation":"y_17  =y_16  "},{"type":"equation","equation":"x_18 - x_17=x_17 - x_16"},{"type":"equation","equation":"y_18  =y_17  "},{"type":"equation","equation":"x_19 - x_18=x_18 - x_17"},{"type":"equation","equation":"y_19  =y_18  "},{"type":"equation","equation":"x_20 - x_19=x_19 - x_18"},{"type":"equation","equation":"y_20  =y_19  "},{"type":"equation","equation":"x_21  =x_20  "},{"type":"equation","equation":"y_21 - y_20=x_20 - x_19"},{"type":"equation","equation":"x_22 - x_21=y_20 - y_21"},{"type":"equation","equation":"y_22  =y_21  "},{"type":"equation","equation":"x_23 - x_22=x_22 - x_21"},{"type":"equation","equation":"y_23  =y_22  "},{"type":"equation","equation":"x_24 - x_23=x_23 - x_22"},{"type":"equation","equation":"y_24  =y_23  "},{"type":"equation","equation":"x_25 - x_24=x_24 - x_23"},{"type":"equation","equation":"x_9 - x_23=y_6 - y_25"},{"type":"equation","equation":"x_26  =x_24  "},{"type":"equation","equation":"y_26  =y_25  "},{"type":"equation","equation":"x_27 - x_26=x_26 - x_25"},{"type":"equation","equation":"y_27  =y_26  "},{"type":"equation","equation":"x_28 - x_27=x_27 - x_26"},{"type":"equation","equation":"y_28  =y_27  "},{"type":"equation","equation":"x_29 - x_28=x_28 - x_27"},{"type":"equation","equation":"y_29  =y_28  "},{"type":"equation","equation":"x_30 - x_29=x_29 - x_28"},{"type":"equation","equation":"y_30  =y_29  "}]