[{"type":"element","name":"1","elementType":"RECTANGLE","id":1,"x":264.57147216752094,"y":37.14286422732784,"shape":"","w":100,"h":30,"color":"green","lightness":300,"text":"编码器输出"},{"type":"element","name":"2","elementType":"RECTANGLE","id":2,"x":264.5714721681731,"y":109.71430206303376,"shape":"","w":100,"h":30,"color":"orange","lightness":200,"text":"叠加与归一化"},{"type":"element","name":"3","elementType":"RECTANGLE","id":3,"x":264.5714721679641,"y":182.28573989877202,"shape":"","w":100,"h":30,"color":"orange","lightness":400,"text":"多头注意力"},{"type":"element","name":"4","elementType":"RECTANGLE","id":4,"x":264.57147216788894,"y":254.85717773444966,"shape":"","w":100,"h":30,"color":"blue","lightness":800,"text":"合并"},{"type":"element","name":"5","elementType":"RECTANGLE","id":5,"x":264.57147216786194,"y":327.42861557007376,"shape":"","w":100,"h":30,"color":"purple","lightness":200,"text":"坐标编码"},{"type":"element","name":"6","elementType":"RECTANGLE","id":6,"x":149.57147216785427,"y":254.8571777344569,"shape":"","w":100,"h":30,"color":"purple","lightness":200,"text":"输入编码"},{"type":"element","name":"7","elementType":"RECTANGLE","id":7,"x":149.57147216785296,"y":182.28573989880448,"shape":"","w":100,"h":30,"color":"orange","lightness":200,"text":"叠加与归一化"},{"type":"element","name":"8","elementType":"RECTANGLE","id":8,"x":149.57147216785316,"y":109.71430206315208,"shape":"","w":100,"h":30,"color":"blue","lightness":200,"text":"前馈网络"},{"type":"element","name":"arrow-5-4","elementType":"ARROW","id":9,"pointerAtBeginning":false,"dashEnabled":false,"startElement":5,"endElement":4,"pointerAtEnding":true},{"type":"element","name":"arrow-4-3","elementType":"ARROW","id":10,"pointerAtBeginning":false,"dashEnabled":false,"startElement":4,"endElement":3,"pointerAtEnding":true},{"type":"element","name":"arrow-2-1","elementType":"ARROW","id":11,"pointerAtBeginning":false,"dashEnabled":false,"startElement":2,"endElement":1,"pointerAtEnding":true},{"type":"element","name":"arrow-7-8","elementType":"ARROW","id":12,"pointerAtBeginning":false,"dashEnabled":false,"startElement":7,"endElement":8,"pointerAtEnding":true},{"type":"element","name":"arrow-8-2","elementType":"ARROW","id":13,"pointerAtBeginning":false,"dashEnabled":false,"startElement":8,"endElement":2,"pointerAtEnding":true},{"type":"element","name":"arrow-6-4","elementType":"ARROW","id":14,"pointerAtBeginning":false,"dashEnabled":false,"startElement":6,"endElement":4,"pointerAtEnding":true},{"type":"element","name":"arrow-3-7","elementType":"ARROW","id":15,"pointerAtBeginning":false,"dashEnabled":false,"startElement":3,"endElement":7,"pointerAtEnding":true},{"type":"element","name":"arrow-4-7","elementType":"ARROW","id":16,"pointerAtBeginning":false,"dashEnabled":false,"startElement":4,"endElement":7,"pointerAtEnding":true},{"type":"element","name":"arrow-7-2","elementType":"ARROW","id":17,"pointerAtBeginning":false,"dashEnabled":false,"startElement":7,"endElement":2,"pointerAtEnding":true},{"type":"attribute","name":"const_dis","element":0,"val":115.0000000000016},{"type":"attribute","name":"randemgl03l9znc","element":0,"val":264.5714721677389},{"type":"attribute","name":"rand9q06gid04fo","element":0,"val":37.142864227326406},{"type":"attribute","name":"randzsrsfwtm8k","element":0,"val":109.71430206307782},{"type":"equation","equation":"x_1  =randemgl03l9znc_0  "},{"type":"equation","equation":"y_1  =rand9q06gid04fo_0  "},{"type":"equation","equation":"x_2  =x_1  "},{"type":"equation","equation":"y_2  =randzsrsfwtm8k_0  "},{"type":"equation","equation":"x_3  =x_2  "},{"type":"equation","equation":"y_3 - y_2=y_2 - y_1"},{"type":"equation","equation":"x_4  =x_3  "},{"type":"equation","equation":"y_4 - y_3=y_3 - y_2"},{"type":"equation","equation":"x_5  =x_4  "},{"type":"equation","equation":"y_3 - y_4=y_4 - y_5"},{"type":"equation","equation":"x_6  =x_5 - const_dis_0"},{"type":"equation","equation":"y_5 - y_4=y_5 - y_6"},{"type":"equation","equation":"x_7  =x_6  "},{"type":"equation","equation":"y_7  =y_3  "},{"type":"equation","equation":"x_8  =x_7  "},{"type":"equation","equation":"y_8 - y_7=y_7 - y_6"}]