[{"type":"element","name":"1","elementType":"CIRCLE","id":1,"x":77.42858886713184,"y":328.00001525884727,"shape":"","w":10,"h":10,"color":"grey","lightness":900,"text":""},{"type":"element","name":"2","elementType":"CIRCLE","id":2,"x":221.14288330068598,"y":328.00001525882425,"shape":"","w":10,"h":10,"color":"grey","lightness":900,"text":""},{"type":"element","name":"3","elementType":"CIRCLE","id":3,"x":77.42858886714225,"y":184.2857208252326,"shape":"","w":10,"h":10,"color":"grey","lightness":900,"text":""},{"type":"element","name":"4","elementType":"CIRCLE","id":4,"x":221.1428833007135,"y":184.28572082523516,"shape":"","w":10,"h":10,"color":"grey","lightness":900,"text":""},{"type":"element","name":"5","elementType":"CIRCLE","id":5,"x":130.00000000000932,"y":119.28572082522444,"shape":"","w":10,"h":10,"color":"grey","lightness":900,"text":""},{"type":"element","name":"6","elementType":"CIRCLE","id":6,"x":130.0000000000088,"y":249.2857208252417,"shape":"","w":10,"h":10,"color":"grey","lightness":900,"text":""},{"type":"element","name":"7","elementType":"CIRCLE","id":7,"x":273.71429443358653,"y":119.28572082522258,"shape":"","w":10,"h":10,"color":"grey","lightness":900,"text":""},{"type":"element","name":"8","elementType":"CIRCLE","id":8,"x":273.71429443358795,"y":249.28572082523948,"shape":"","w":10,"h":10,"color":"grey","lightness":900,"text":""},{"type":"element","name":"arrow-1-2","elementType":"ARROW","id":9,"pointerAtBeginning":false,"dashEnabled":false,"startElement":1,"endElement":2,"pointerAtEnding":false},{"type":"element","name":"arrow-3-1","elementType":"ARROW","id":10,"pointerAtBeginning":false,"dashEnabled":false,"startElement":3,"endElement":1,"pointerAtEnding":false},{"type":"element","name":"arrow-4-2","elementType":"ARROW","id":11,"pointerAtBeginning":false,"dashEnabled":false,"startElement":4,"endElement":2,"pointerAtEnding":false},{"type":"element","name":"arrow-7-8","elementType":"ARROW","id":12,"pointerAtBeginning":false,"dashEnabled":false,"startElement":7,"endElement":8,"pointerAtEnding":false},{"type":"element","name":"arrow-5-6","elementType":"ARROW","id":13,"pointerAtBeginning":false,"dashEnabled":true,"startElement":5,"endElement":6,"pointerAtEnding":false},{"type":"element","name":"arrow-5-7","elementType":"ARROW","id":14,"pointerAtBeginning":false,"dashEnabled":false,"startElement":5,"endElement":7,"pointerAtEnding":false},{"type":"element","name":"arrow-3-4","elementType":"ARROW","id":15,"pointerAtBeginning":false,"dashEnabled":false,"startElement":3,"endElement":4,"pointerAtEnding":false},{"type":"element","name":"arrow-6-8","elementType":"ARROW","id":16,"pointerAtBeginning":false,"dashEnabled":true,"startElement":6,"endElement":8,"pointerAtEnding":false},{"type":"element","name":"arrow-2-8","elementType":"ARROW","id":17,"pointerAtBeginning":false,"dashEnabled":false,"startElement":2,"endElement":8,"pointerAtEnding":false},{"type":"element","name":"arrow-4-7","elementType":"ARROW","id":18,"pointerAtBeginning":false,"dashEnabled":false,"startElement":4,"endElement":7,"pointerAtEnding":false},{"type":"element","name":"arrow-3-5","elementType":"ARROW","id":19,"pointerAtBeginning":false,"dashEnabled":false,"startElement":3,"endElement":5,"pointerAtEnding":false},{"type":"element","name":"arrow-1-6","elementType":"ARROW","id":20,"pointerAtBeginning":false,"dashEnabled":true,"startElement":1,"endElement":6,"pointerAtEnding":false},{"type":"element","name":"arrow-5-2","elementType":"ARROW","id":21,"pointerAtBeginning":false,"dashEnabled":true,"startElement":5,"endElement":2,"pointerAtEnding":false},{"type":"element","name":"arrow-1-7","elementType":"ARROW","id":22,"pointerAtBeginning":false,"dashEnabled":true,"startElement":1,"endElement":7,"pointerAtEnding":false},{"type":"element","name":"arrow-3-8","elementType":"ARROW","id":23,"pointerAtBeginning":false,"dashEnabled":true,"startElement":3,"endElement":8,"pointerAtEnding":false},{"type":"element","name":"24","elementType":"CIRCLE","id":24,"x":175.5714416503664,"y":216.78572082523598,"shape":"","w":10,"h":10,"color":"red","lightness":900,"text":""},{"type":"attribute","name":"const_dis","element":0,"val":65.00000000001017},{"type":"attribute","name":"rand0bscw2uhgx7","element":0,"val":328.00001525885807},{"type":"attribute","name":"rand1lfyyadkoa2","element":0,"val":221.14288330084008},{"type":"attribute","name":"randlun32lv6wl","element":0,"val":184.28572082523146},{"type":"attribute","name":"rand670cpvw6j8x","element":0,"val":130.00000000000742},{"type":"attribute","name":"rand3w9ru3xhlxe","element":0,"val":273.7142944335878},{"type":"equation","equation":"y_1  =rand0bscw2uhgx7_0  "},{"type":"equation","equation":"y_2  =y_1  "},{"type":"equation","equation":"x_2  =rand1lfyyadkoa2_0  "},{"type":"equation","equation":"x_3  =x_1  "},{"type":"equation","equation":"y_3  =randlun32lv6wl_0  "},{"type":"equation","equation":"x_4  =x_2  "},{"type":"equation","equation":"y_4  =y_3  "},{"type":"equation","equation":"y_5  =y_4 - const_dis_0"},{"type":"equation","equation":"x_5  =rand670cpvw6j8x_0  "},{"type":"equation","equation":"x_6  =x_5  "},{"type":"equation","equation":"y_6 - y_4=y_4 - y_5"},{"type":"equation","equation":"y_7  =y_5  "},{"type":"equation","equation":"x_7  =rand3w9ru3xhlxe_0  "},{"type":"equation","equation":"x_8  =x_7  "},{"type":"equation","equation":"y_8  =y_6  "},{"type":"equation","equation":"x_1 - x_2=x_3 - x_4"},{"type":"equation","equation":"x_6 - x_8=x_5 - x_7"},{"type":"equation","equation":"x_5 - x_7=x_3 - x_4"},{"type":"equation","equation":"x_4 - x_3=y_2 - y_4"},{"type":"equation","equation":"y_24 - y_8=y_4 - y_24"},{"type":"equation","equation":"x_8 - x_24=x_24 - x_3"},{"type":"equation","equation":"y_3 - y_24=y_24 - y_8"}]