[{"type":"element","name":"1","elementType":"RECTANGLE","id":1,"x":172.28572082556695,"y":255.71429443324226,"shape":"","w":40,"h":40,"color":"red","lightness":400,"text":""},{"type":"element","name":"2","elementType":"RECTANGLE","id":2,"x":172.28572082550576,"y":295.7142944331825,"shape":"","w":40,"h":40,"color":"green","lightness":400,"text":"1"},{"type":"element","name":"3","elementType":"RECTANGLE","id":3,"x":172.28572082496453,"y":335.7142944330444,"shape":"","w":40,"h":40,"color":"blue","lightness":400,"text":"0"},{"type":"element","name":"4","elementType":"RECTANGLE","id":4,"x":172.28572082485204,"y":375.7142944328485,"shape":"","w":40,"h":40,"color":"blue","lightness":400,"text":"0"},{"type":"element","name":"5","elementType":"RECTANGLE","id":5,"x":132.28572082503612,"y":375.71429443313286,"shape":"","w":40,"h":40,"color":"blue","lightness":400,"text":"0"},{"type":"element","name":"6","elementType":"RECTANGLE","id":6,"x":132.28572082485968,"y":335.7142944331459,"shape":"","w":40,"h":40,"color":"blue","lightness":400,"text":"0"},{"type":"element","name":"7","elementType":"RECTANGLE","id":7,"x":132.28572082513145,"y":295.71429443308176,"shape":"","w":40,"h":40,"color":"blue","lightness":400,"text":"0"},{"type":"element","name":"8","elementType":"RECTANGLE","id":8,"x":212.2857208253439,"y":335.7142944332172,"shape":"","w":40,"h":40,"color":"blue","lightness":400,"text":"0"},{"type":"element","name":"9","elementType":"RECTANGLE","id":9,"x":212.2857208253745,"y":375.71429443338985,"shape":"","w":40,"h":40,"color":"blue","lightness":400,"text":"0"},{"type":"element","name":"10","elementType":"RECTANGLE","id":10,"x":252.2857208256244,"y":375.7142944332036,"shape":"","w":40,"h":40,"color":"blue","lightness":400,"text":"0"},{"type":"element","name":"11","elementType":"RECTANGLE","id":11,"x":132.28572082501907,"y":255.71429443305001,"shape":"","w":40,"h":40,"color":"green","lightness":400,"text":"1"},{"type":"element","name":"12","elementType":"RECTANGLE","id":12,"x":212.28572082521106,"y":295.7142944329643,"shape":"","w":40,"h":40,"color":"red","lightness":400,"text":""},{"type":"element","name":"13","elementType":"RECTANGLE","id":13,"x":212.28572082537974,"y":255.71429443314696,"shape":"","w":40,"h":40,"color":"red","lightness":400,"text":""},{"type":"element","name":"14","elementType":"RECTANGLE","id":14,"x":252.2857208252668,"y":255.71429443333372,"shape":"","w":40,"h":40,"color":"red","lightness":400,"text":""},{"type":"element","name":"15","elementType":"RECTANGLE","id":15,"x":252.28572082522942,"y":295.71429443326014,"shape":"","w":40,"h":40,"color":"red","lightness":400,"text":""},{"type":"element","name":"16","elementType":"RECTANGLE","id":16,"x":252.28572082514685,"y":335.71429443306084,"shape":"","w":40,"h":40,"color":"green","lightness":400,"text":"1"},{"type":"element","name":"17","elementType":"RECTANGLE","id":17,"x":292.28572082499204,"y":255.71429443350414,"shape":"","w":40,"h":40,"color":"red","lightness":400,"text":""},{"type":"element","name":"18","elementType":"RECTANGLE","id":18,"x":292.285720824956,"y":295.7142944331681,"shape":"","w":40,"h":40,"color":"red","lightness":400,"text":""},{"type":"element","name":"19","elementType":"RECTANGLE","id":19,"x":292.28572082496885,"y":335.714294433235,"shape":"","w":40,"h":40,"color":"red","lightness":400,"text":""},{"type":"element","name":"20","elementType":"RECTANGLE","id":20,"x":292.2857208249637,"y":375.71429443287013,"shape":"","w":40,"h":40,"color":"green","lightness":400,"text":"1"},{"type":"element","name":"21","elementType":"RECTANGLE","id":21,"x":332.2857208248139,"y":255.71429443340017,"shape":"","w":40,"h":40,"color":"red","lightness":400,"text":""},{"type":"element","name":"22","elementType":"RECTANGLE","id":22,"x":332.2857208248001,"y":295.7142944332525,"shape":"","w":40,"h":40,"color":"red","lightness":400,"text":""},{"type":"element","name":"23","elementType":"RECTANGLE","id":23,"x":332.28572082481014,"y":335.7142944330683,"shape":"","w":40,"h":40,"color":"red","lightness":400,"text":""},{"type":"element","name":"24","elementType":"RECTANGLE","id":24,"x":332.2857208248151,"y":375.7142944329253,"shape":"","w":40,"h":40,"color":"red","lightness":400,"text":""},{"type":"element","name":"25","elementType":"RECTANGLE","id":25,"x":332.28572082481867,"y":175.7142944337538,"shape":"","w":40,"h":40,"color":"red","lightness":400,"text":""},{"type":"element","name":"26","elementType":"RECTANGLE","id":26,"x":292.28572082497817,"y":175.714294433746,"shape":"","w":40,"h":40,"color":"green","lightness":400,"text":""},{"type":"element","name":"27","elementType":"RECTANGLE","id":27,"x":252.2857208251224,"y":175.71429443374163,"shape":"","w":40,"h":40,"color":"green","lightness":400,"text":""},{"type":"element","name":"28","elementType":"RECTANGLE","id":28,"x":212.28572082526867,"y":175.7142944337397,"shape":"","w":40,"h":40,"color":"red","lightness":400,"text":""},{"type":"element","name":"29","elementType":"RECTANGLE","id":29,"x":172.2857208254137,"y":175.71429443373995,"shape":"","w":40,"h":40,"color":"green","lightness":400,"text":""},{"type":"element","name":"30","elementType":"RECTANGLE","id":30,"x":132.28572082555863,"y":175.71429443374018,"shape":"","w":40,"h":40,"color":"green","lightness":400,"text":""},{"type":"element","name":"arrow-11-30","elementType":"ARROW","id":31,"pointerAtBeginning":false,"dashEnabled":true,"startElement":11,"endElement":30,"pointerAtEnding":true},{"type":"element","name":"arrow-2-29","elementType":"ARROW","id":32,"pointerAtBeginning":false,"dashEnabled":true,"startElement":2,"endElement":29,"pointerAtEnding":true},{"type":"element","name":"arrow-16-27","elementType":"ARROW","id":33,"pointerAtBeginning":false,"dashEnabled":true,"startElement":16,"endElement":27,"pointerAtEnding":true},{"type":"element","name":"arrow-20-26","elementType":"ARROW","id":34,"pointerAtBeginning":false,"dashEnabled":true,"startElement":20,"endElement":26,"pointerAtEnding":true},{"type":"attribute","name":"const_dis","element":0,"val":39.999999999934026},{"type":"attribute","name":"randfjrz1w7s864","element":0,"val":172.28572082603444},{"type":"attribute","name":"rand171na5vlfghh","element":0,"val":255.71429443304368},{"type":"equation","equation":"x_1  =randfjrz1w7s864_0  "},{"type":"equation","equation":"y_1  =rand171na5vlfghh_0  "},{"type":"equation","equation":"x_2  =x_1  "},{"type":"equation","equation":"y_2  =y_1 + const_dis_0"},{"type":"equation","equation":"x_3  =x_2  "},{"type":"equation","equation":"y_3 - y_2=y_2 - y_1"},{"type":"equation","equation":"x_4  =x_3  "},{"type":"equation","equation":"y_4 - y_3=y_3 - y_2"},{"type":"equation","equation":"x_5 - x_4=y_3 - y_4"},{"type":"equation","equation":"y_5  =y_4  "},{"type":"equation","equation":"x_6  =x_5  "},{"type":"equation","equation":"y_6  =y_3  "},{"type":"equation","equation":"x_7  =x_6  "},{"type":"equation","equation":"y_7 - y_6=y_6 - y_5"},{"type":"equation","equation":"x_7 - x_8=y_7 - y_5"},{"type":"equation","equation":"y_8  =y_6  "},{"type":"equation","equation":"x_9  =x_8  "},{"type":"equation","equation":"y_9 - y_8=y_8 - y_7"},{"type":"equation","equation":"x_10 - x_9=y_9 - y_8"},{"type":"equation","equation":"y_10  =y_9  "},{"type":"equation","equation":"x_11  =x_7  "},{"type":"equation","equation":"y_11 - y_7=y_8 - y_10"},{"type":"equation","equation":"x_12  =x_9  "},{"type":"equation","equation":"y_8 - y_10=y_11 - y_12"},{"type":"equation","equation":"x_13  =x_12  "},{"type":"equation","equation":"y_13  =y_11  "},{"type":"equation","equation":"x_14 - x_13=y_12 - y_13"},{"type":"equation","equation":"y_14  =y_13  "},{"type":"equation","equation":"x_15  =x_14  "},{"type":"equation","equation":"y_15 - y_14=x_14 - x_13"},{"type":"equation","equation":"x_16  =x_15  "},{"type":"equation","equation":"y_16 - y_15=y_15 - y_14"},{"type":"equation","equation":"x_17 - x_16=y_16 - y_15"},{"type":"equation","equation":"y_17 - y_15=y_15 - y_16"},{"type":"equation","equation":"x_18  =x_17  "},{"type":"equation","equation":"y_18 - y_17=x_17 - x_16"},{"type":"equation","equation":"x_19  =x_18  "},{"type":"equation","equation":"y_19 - y_18=y_18 - y_17"},{"type":"equation","equation":"x_20  =x_19  "},{"type":"equation","equation":"y_20 - y_19=y_19 - y_18"},{"type":"equation","equation":"x_21 - x_20=y_20 - y_19"},{"type":"equation","equation":"y_20 - y_20=y_17 - y_21"},{"type":"equation","equation":"x_22  =x_21  "},{"type":"equation","equation":"y_22 - y_21=x_21 - x_20"},{"type":"equation","equation":"x_23  =x_22  "},{"type":"equation","equation":"y_23 - y_22=y_22 - y_21"},{"type":"equation","equation":"x_24  =x_23  "},{"type":"equation","equation":"y_24 - y_23=y_23 - y_22"},{"type":"equation","equation":"x_25  =x_24  "},{"type":"equation","equation":"y_23 - y_21=y_21 - y_25"},{"type":"equation","equation":"x_26  =x_20  "},{"type":"equation","equation":"y_26  =y_25  "},{"type":"equation","equation":"x_27 - x_26=x_26 - x_25"},{"type":"equation","equation":"y_27  =y_26  "},{"type":"equation","equation":"x_28 - x_27=x_27 - x_26"},{"type":"equation","equation":"y_28  =y_27  "},{"type":"equation","equation":"x_29 - x_28=x_28 - x_27"},{"type":"equation","equation":"y_29  =y_28  "},{"type":"equation","equation":"x_30 - x_29=x_29 - x_28"},{"type":"equation","equation":"y_30  =y_29  "}]