[{"type":"element","name":"1","elementType":"CIRCLE","id":1,"x":151.1428833005455,"y":207.42857360836598,"shape":"","w":50,"h":50,"color":"green","lightness":200,"text":"明"},{"type":"element","name":"2","elementType":"CIRCLE","id":2,"x":216.1428833003585,"y":207.42857360832733,"shape":"","w":50,"h":50,"color":"green","lightness":400,"text":"暗"},{"type":"element","name":"3","elementType":"CIRCLE","id":3,"x":281.14288330015876,"y":207.42857360836288,"shape":"","w":50,"h":50,"color":"green","lightness":200,"text":"明"},{"type":"element","name":"4","elementType":"CIRCLE","id":4,"x":346.14288329995793,"y":207.42857360829964,"shape":"","w":50,"h":50,"color":"green","lightness":400,"text":"暗"},{"type":"element","name":"5","elementType":"CIRCLE","id":5,"x":151.14288330056203,"y":337.4285736084472,"shape":"","w":60,"h":60,"color":"green","lightness":200,"text":"明明"},{"type":"element","name":"6","elementType":"CIRCLE","id":6,"x":216.1428833003279,"y":337.4285736084476,"shape":"","w":60,"h":60,"color":"green","lightness":300,"text":"明暗"},{"type":"element","name":"7","elementType":"CIRCLE","id":7,"x":281.1428833000478,"y":337.42857360826974,"shape":"","w":60,"h":60,"color":"green","lightness":300,"text":"明暗"},{"type":"element","name":"8","elementType":"CIRCLE","id":8,"x":346.1428832997535,"y":337.42857360827577,"shape":"","w":60,"h":60,"color":"green","lightness":400,"text":"暗"},{"type":"element","name":"9","elementType":"CIRCLE","id":9,"x":151.14288330061066,"y":77.42857360838974,"shape":"","w":60,"h":60,"color":"green","lightness":300,"text":"明暗"},{"type":"element","name":"10","elementType":"CIRCLE","id":10,"x":346.14288329974465,"y":77.42857360839504,"shape":"","w":60,"h":60,"color":"green","lightness":300,"text":"明暗"},{"type":"element","name":"arrow-9-1","elementType":"ARROW","id":11,"pointerAtBeginning":false,"dashEnabled":false,"startElement":9,"endElement":1,"pointerAtEnding":true},{"type":"element","name":"arrow-9-2","elementType":"ARROW","id":12,"pointerAtBeginning":false,"dashEnabled":false,"startElement":9,"endElement":2,"pointerAtEnding":true},{"type":"element","name":"arrow-10-3","elementType":"ARROW","id":13,"pointerAtBeginning":false,"dashEnabled":false,"startElement":10,"endElement":3,"pointerAtEnding":true},{"type":"element","name":"arrow-10-4","elementType":"ARROW","id":14,"pointerAtBeginning":false,"dashEnabled":false,"startElement":10,"endElement":4,"pointerAtEnding":true},{"type":"element","name":"arrow-1-5","elementType":"ARROW","id":15,"pointerAtBeginning":false,"dashEnabled":false,"startElement":1,"endElement":5,"pointerAtEnding":true},{"type":"element","name":"arrow-1-6","elementType":"ARROW","id":16,"pointerAtBeginning":false,"dashEnabled":false,"startElement":1,"endElement":6,"pointerAtEnding":true},{"type":"element","name":"arrow-2-7","elementType":"ARROW","id":17,"pointerAtBeginning":false,"dashEnabled":false,"startElement":2,"endElement":7,"pointerAtEnding":true},{"type":"element","name":"arrow-2-8","elementType":"ARROW","id":18,"pointerAtBeginning":false,"dashEnabled":false,"startElement":2,"endElement":8,"pointerAtEnding":true},{"type":"element","name":"arrow-3-5","elementType":"ARROW","id":19,"pointerAtBeginning":false,"dashEnabled":false,"startElement":3,"endElement":5,"pointerAtEnding":true},{"type":"element","name":"arrow-3-7","elementType":"ARROW","id":20,"pointerAtBeginning":false,"dashEnabled":false,"startElement":3,"endElement":7,"pointerAtEnding":true},{"type":"element","name":"arrow-4-6","elementType":"ARROW","id":21,"pointerAtBeginning":false,"dashEnabled":false,"startElement":4,"endElement":6,"pointerAtEnding":true},{"type":"element","name":"arrow-4-8","elementType":"ARROW","id":22,"pointerAtBeginning":false,"dashEnabled":false,"startElement":4,"endElement":8,"pointerAtEnding":true},{"type":"attribute","name":"const_dis","element":0,"val":64.99999999981165},{"type":"attribute","name":"randlhocplsrjj","element":0,"val":151.1428833004522},{"type":"attribute","name":"randwbllhkx80t","element":0,"val":207.4285736082917},{"type":"attribute","name":"randaxwecaijt7p","element":0,"val":77.42857360839504},{"type":"equation","equation":"x_1  =randlhocplsrjj_0  "},{"type":"equation","equation":"y_1  =randwbllhkx80t_0  "},{"type":"equation","equation":"x_2  =x_1 + const_dis_0"},{"type":"equation","equation":"y_2  =y_1  "},{"type":"equation","equation":"x_3 - x_2=x_2 - x_1"},{"type":"equation","equation":"y_3  =y_2  "},{"type":"equation","equation":"x_4 - x_3=x_3 - x_2"},{"type":"equation","equation":"y_4  =y_3  "},{"type":"equation","equation":"x_4 - x_4=x_1 - x_5"},{"type":"equation","equation":"x_6  =x_2  "},{"type":"equation","equation":"x_7 - x_6=x_6 - x_5"},{"type":"equation","equation":"y_7  =y_6  "},{"type":"equation","equation":"x_8 - x_7=x_7 - x_6"},{"type":"equation","equation":"y_8  =y_7  "},{"type":"equation","equation":"x_9 - x_6=x_7 - x_8"},{"type":"equation","equation":"y_8 - y_4=y_4 - y_9"},{"type":"equation","equation":"x_10  =x_8  "},{"type":"equation","equation":"y_10  =y_9  "},{"type":"equation","equation":"y_5  =y_6  "},{"type":"equation","equation":"y_10  =randaxwecaijt7p_0  "}]