[{"type":"element","name":"1","elementType":"RECTANGLE","id":1,"x":92.57144165040047,"y":148.28572082515984,"w":100,"h":30,"color":"blue","lightness":200,"text":"前馈网络"},{"type":"element","name":"2","elementType":"RECTANGLE","id":2,"x":92.57144165031286,"y":214.8571472168004,"w":100,"h":30,"color":"pink","lightness":200,"text":"叠加与归一化"},{"type":"element","name":"3","elementType":"RECTANGLE","id":3,"x":92.57144165045092,"y":281.42857360843124,"w":100,"h":30,"color":"purple","lightness":300,"text":"输入编码"},{"type":"element","name":"4","elementType":"RECTANGLE","id":4,"x":207.57144165045742,"y":81.71429443358598,"w":100,"h":30,"color":"green","lightness":200,"text":"编码器输出"},{"type":"element","name":"5","elementType":"RECTANGLE","id":5,"x":207.57144165027725,"y":148.28572082514793,"w":100,"h":30,"color":"pink","lightness":200,"text":"叠加与归一化"},{"type":"element","name":"6","elementType":"RECTANGLE","id":6,"x":207.57144165027617,"y":214.85714721669444,"w":100,"h":30,"color":"orange","lightness":400,"text":"多头注意力"},{"type":"element","name":"7","elementType":"RECTANGLE","id":7,"x":207.5714416503126,"y":281.4285736082335,"w":100,"h":30,"color":"cyan","lightness":200,"text":"合并"},{"type":"element","name":"8","elementType":"RECTANGLE","id":8,"x":207.5714416503126,"y":347.99999999977257,"w":100,"h":30,"color":"purple","lightness":300,"text":"坐标编码"},{"type":"element","name":"arrow-2-1","elementType":"ARROW","id":9,"pointerAtBeginning":false,"dashEnabled":false,"startElement":2,"endElement":1,"pointerAtEnding":true},{"type":"element","name":"arrow-6-2","elementType":"ARROW","id":10,"pointerAtBeginning":false,"dashEnabled":false,"startElement":6,"endElement":2,"pointerAtEnding":true},{"type":"element","name":"arrow-1-5","elementType":"ARROW","id":11,"pointerAtBeginning":false,"dashEnabled":false,"startElement":1,"endElement":5,"pointerAtEnding":true},{"type":"element","name":"arrow-5-4","elementType":"ARROW","id":12,"pointerAtBeginning":false,"dashEnabled":false,"startElement":5,"endElement":4,"pointerAtEnding":true},{"type":"element","name":"arrow-2-5","elementType":"ARROW","id":13,"pointerAtBeginning":false,"dashEnabled":false,"startElement":2,"endElement":5,"pointerAtEnding":true},{"type":"element","name":"arrow-7-2","elementType":"ARROW","id":14,"pointerAtBeginning":false,"dashEnabled":false,"startElement":7,"endElement":2,"pointerAtEnding":true},{"type":"element","name":"arrow-3-7","elementType":"ARROW","id":15,"pointerAtBeginning":false,"dashEnabled":false,"startElement":3,"endElement":7,"pointerAtEnding":true},{"type":"element","name":"arrow-8-7","elementType":"ARROW","id":16,"pointerAtBeginning":false,"dashEnabled":false,"startElement":8,"endElement":7,"pointerAtEnding":true},{"type":"element","name":"arrow-7-6","elementType":"ARROW","id":17,"pointerAtBeginning":false,"dashEnabled":false,"startElement":7,"endElement":6,"pointerAtEnding":true},{"type":"attribute","name":"const_dis","element":0,"val":115.00000000001634},{"type":"attribute","name":"randq1vi4zr119r","element":0,"val":92.57144165044748},{"type":"attribute","name":"rande05ax8pir6s","element":0,"val":148.28572082532585},{"type":"attribute","name":"rand0x79dnqgh78e","element":0,"val":214.85714721678193},{"type":"equation","equation":"x_1  =randq1vi4zr119r_0  "},{"type":"equation","equation":"y_1  =rande05ax8pir6s_0  "},{"type":"equation","equation":"x_2  =x_1  "},{"type":"equation","equation":"y_2  =rand0x79dnqgh78e_0  "},{"type":"equation","equation":"x_3  =x_2  "},{"type":"equation","equation":"y_3 - y_2=y_2 - y_1"},{"type":"equation","equation":"x_4  =x_3 + const_dis_0"},{"type":"equation","equation":"y_4 - y_1=y_2 - y_3"},{"type":"equation","equation":"x_5  =x_4  "},{"type":"equation","equation":"y_5  =y_1  "},{"type":"equation","equation":"x_6  =x_5  "},{"type":"equation","equation":"y_6 - y_5=y_5 - y_4"},{"type":"equation","equation":"x_7  =x_6  "},{"type":"equation","equation":"y_7 - y_6=y_6 - y_5"},{"type":"equation","equation":"x_8  =x_7  "},{"type":"equation","equation":"y_8 - y_7=y_7 - y_6"}]