[{"type":"element","name":"1","elementType":"CIRCLE","id":1,"x":103.42857360858568,"y":143.99999999998283,"shape":"","w":10,"h":10,"color":"grey","lightness":900,"text":""},{"type":"element","name":"2","elementType":"CIRCLE","id":2,"x":103.42857360857082,"y":272.85714721691204,"shape":"","w":10,"h":10,"color":"grey","lightness":900,"text":""},{"type":"element","name":"3","elementType":"CIRCLE","id":3,"x":232.28572082547294,"y":144.0000000002881,"shape":"","w":10,"h":10,"color":"grey","lightness":900,"text":""},{"type":"element","name":"4","elementType":"CIRCLE","id":4,"x":232.2857208256104,"y":272.8571472169413,"shape":"","w":10,"h":10,"color":"grey","lightness":900,"text":""},{"type":"element","name":"5","elementType":"CIRCLE","id":5,"x":124.5714416503686,"y":96.00001525878503,"shape":"","w":10,"h":10,"color":"grey","lightness":900,"text":""},{"type":"element","name":"6","elementType":"CIRCLE","id":6,"x":253.42858886724565,"y":96.00001525878416,"shape":"","w":10,"h":10,"color":"grey","lightness":900,"text":""},{"type":"element","name":"7","elementType":"CIRCLE","id":7,"x":124.57144165034907,"y":224.857162475699,"shape":"","w":10,"h":10,"color":"grey","lightness":900,"text":""},{"type":"element","name":"8","elementType":"CIRCLE","id":8,"x":253.42858886726847,"y":224.8571624756998,"shape":"","w":10,"h":10,"color":"grey","lightness":900,"text":""},{"type":"element","name":"arrow-5-1","elementType":"ARROW","id":9,"pointerAtBeginning":false,"dashEnabled":false,"startElement":5,"endElement":1,"pointerAtEnding":false},{"type":"element","name":"arrow-1-3","elementType":"ARROW","id":10,"pointerAtBeginning":false,"dashEnabled":false,"startElement":1,"endElement":3,"pointerAtEnding":false},{"type":"element","name":"arrow-6-3","elementType":"ARROW","id":11,"pointerAtBeginning":false,"dashEnabled":false,"startElement":6,"endElement":3,"pointerAtEnding":false},{"type":"element","name":"arrow-5-6","elementType":"ARROW","id":12,"pointerAtBeginning":false,"dashEnabled":false,"startElement":5,"endElement":6,"pointerAtEnding":false},{"type":"element","name":"arrow-3-4","elementType":"ARROW","id":13,"pointerAtBeginning":false,"dashEnabled":false,"startElement":3,"endElement":4,"pointerAtEnding":false},{"type":"element","name":"arrow-1-2","elementType":"ARROW","id":14,"pointerAtBeginning":false,"dashEnabled":false,"startElement":1,"endElement":2,"pointerAtEnding":false},{"type":"element","name":"arrow-2-4","elementType":"ARROW","id":15,"pointerAtBeginning":false,"dashEnabled":false,"startElement":2,"endElement":4,"pointerAtEnding":false},{"type":"element","name":"arrow-6-8","elementType":"ARROW","id":16,"pointerAtBeginning":false,"dashEnabled":false,"startElement":6,"endElement":8,"pointerAtEnding":false},{"type":"element","name":"arrow-5-7","elementType":"ARROW","id":17,"pointerAtBeginning":false,"dashEnabled":true,"startElement":5,"endElement":7,"pointerAtEnding":false},{"type":"element","name":"arrow-7-8","elementType":"ARROW","id":18,"pointerAtBeginning":false,"dashEnabled":true,"startElement":7,"endElement":8,"pointerAtEnding":false},{"type":"element","name":"arrow-8-4","elementType":"ARROW","id":19,"pointerAtBeginning":false,"dashEnabled":false,"startElement":8,"endElement":4,"pointerAtEnding":false},{"type":"element","name":"arrow-7-2","elementType":"ARROW","id":20,"pointerAtBeginning":false,"dashEnabled":true,"startElement":7,"endElement":2,"pointerAtEnding":false},{"type":"element","name":"arrow-5-4","elementType":"ARROW","id":21,"pointerAtBeginning":false,"dashEnabled":true,"startElement":5,"endElement":4,"pointerAtEnding":false},{"type":"element","name":"arrow-1-8","elementType":"ARROW","id":22,"pointerAtBeginning":false,"dashEnabled":true,"startElement":1,"endElement":8,"pointerAtEnding":false},{"type":"element","name":"arrow-2-6","elementType":"ARROW","id":23,"pointerAtBeginning":false,"dashEnabled":true,"startElement":2,"endElement":6,"pointerAtEnding":false},{"type":"element","name":"24","elementType":"CIRCLE","id":24,"x":178.42858123798968,"y":184.4285812378631,"shape":"","w":10,"h":10,"color":"red","lightness":900,"text":""},{"type":"attribute","name":"const_dis","element":0,"val":65},{"type":"attribute","name":"randfcd4gtw7zwr","element":0,"val":103.42857360859352},{"type":"attribute","name":"randpxc31m99rre","element":0,"val":143.99999999994162},{"type":"attribute","name":"randx82w0ia3b6g","element":0,"val":272.8571472163293},{"type":"attribute","name":"randiaoyti5cyw","element":0,"val":96.00001525878663},{"type":"attribute","name":"randeh15q6z9arh","element":0,"val":124.57144165035427},{"type":"equation","equation":"x_1  =randfcd4gtw7zwr_0  "},{"type":"equation","equation":"y_1  =randpxc31m99rre_0  "},{"type":"equation","equation":"x_2  =x_1  "},{"type":"equation","equation":"y_2  =randx82w0ia3b6g_0  "},{"type":"equation","equation":"x_3 - x_2=y_2 - y_1"},{"type":"equation","equation":"y_3  =y_1  "},{"type":"equation","equation":"x_4  =x_3  "},{"type":"equation","equation":"y_4  =y_2  "},{"type":"equation","equation":"x_5  =randeh15q6z9arh_0  "},{"type":"equation","equation":"y_5  =randiaoyti5cyw_0  "},{"type":"equation","equation":"y_6  =y_5  "},{"type":"equation","equation":"x_5 - x_6=x_1 - x_3"},{"type":"equation","equation":"x_7  =x_5  "},{"type":"equation","equation":"x_5 - x_6=y_6 - y_7"},{"type":"equation","equation":"x_8  =x_6  "},{"type":"equation","equation":"y_8  =y_7  "},{"type":"equation","equation":"x_5 - x_24=x_24 - x_4"},{"type":"equation","equation":"y_5 - y_24=y_24 - y_4"}]