[{"type":"element","name":"1","elementType":"RECTANGLE","id":1,"x":115.43863213320746,"y":192.86551752470234,"w":40,"h":40,"color":"green","lightness":400,"text":"1"},{"type":"element","name":"2","elementType":"RECTANGLE","id":2,"x":156.00668019563707,"y":192.8655175266074,"w":40,"h":40,"color":"red","lightness":400,"text":""},{"type":"element","name":"3","elementType":"RECTANGLE","id":3,"x":196.57478504246095,"y":192.865517572626,"w":40,"h":40,"color":"red","lightness":400,"text":""},{"type":"element","name":"4","elementType":"RECTANGLE","id":4,"x":237.14294668031323,"y":192.86551756332392,"w":40,"h":40,"color":"red","lightness":400,"text":""},{"type":"element","name":"5","elementType":"RECTANGLE","id":5,"x":277.711165128216,"y":192.86551756386555,"w":40,"h":40,"color":"red","lightness":400,"text":""},{"type":"element","name":"6","elementType":"RECTANGLE","id":6,"x":318.27944037641566,"y":192.86551754977683,"w":40,"h":40,"color":"red","lightness":400,"text":""},{"type":"element","name":"7","elementType":"RECTANGLE","id":7,"x":115.43863212445301,"y":233.4338495697513,"w":40,"h":40,"color":"blue","lightness":400,"text":"0"},{"type":"element","name":"8","elementType":"RECTANGLE","id":8,"x":156.00701148255675,"y":233.43385905400308,"w":40,"h":40,"color":"green","lightness":400,"text":"1"},{"type":"element","name":"9","elementType":"RECTANGLE","id":9,"x":196.57543819111376,"y":233.43386851533685,"w":40,"h":40,"color":"red","lightness":400,"text":""},{"type":"element","name":"10","elementType":"RECTANGLE","id":10,"x":237.14391222000538,"y":233.43387797749017,"w":40,"h":40,"color":"red","lightness":400,"text":""},{"type":"element","name":"11","elementType":"RECTANGLE","id":11,"x":277.7124335805653,"y":233.43388744643667,"w":40,"h":40,"color":"red","lightness":400,"text":""},{"type":"element","name":"12","elementType":"RECTANGLE","id":12,"x":318.2810022856437,"y":233.43389692285533,"w":40,"h":40,"color":"red","lightness":400,"text":""},{"type":"element","name":"13","elementType":"RECTANGLE","id":13,"x":115.43863211204413,"y":274.00251297128045,"w":40,"h":40,"color":"blue","lightness":400,"text":"0"},{"type":"element","name":"14","elementType":"RECTANGLE","id":14,"x":156.00728603173005,"y":274.00252243205676,"w":40,"h":40,"color":"blue","lightness":400,"text":"0"},{"type":"element","name":"15","elementType":"RECTANGLE","id":15,"x":196.57597781602888,"y":274.00253191102854,"w":40,"h":40,"color":"blue","lightness":400,"text":"0"},{"type":"element","name":"16","elementType":"RECTANGLE","id":16,"x":237.1447074597245,"y":274.00254137229877,"w":40,"h":40,"color":"green","lightness":400,"text":"1"},{"type":"element","name":"17","elementType":"RECTANGLE","id":17,"x":277.7134749673971,"y":274.00255085968627,"w":40,"h":40,"color":"red","lightness":400,"text":""},{"type":"element","name":"18","elementType":"RECTANGLE","id":18,"x":318.28228033714305,"y":274.0025603257746,"w":40,"h":40,"color":"red","lightness":400,"text":""},{"type":"element","name":"19","elementType":"RECTANGLE","id":19,"x":115.43863211542825,"y":314.57140356033545,"w":40,"h":40,"color":"blue","lightness":400,"text":"0"},{"type":"element","name":"20","elementType":"RECTANGLE","id":20,"x":156.00750374521436,"y":314.57141302580527,"w":40,"h":40,"color":"blue","lightness":400,"text":"0"},{"type":"element","name":"21","elementType":"RECTANGLE","id":21,"x":196.57640378441076,"y":314.57142248354796,"w":40,"h":40,"color":"blue","lightness":400,"text":"0"},{"type":"element","name":"22","elementType":"RECTANGLE","id":22,"x":237.1453322356875,"y":314.5714319516981,"w":40,"h":40,"color":"blue","lightness":400,"text":"0"},{"type":"element","name":"23","elementType":"RECTANGLE","id":23,"x":277.71427964003783,"y":314.5714413981617,"w":40,"h":40,"color":"green","lightness":400,"text":"1"},{"type":"element","name":"24","elementType":"RECTANGLE","id":24,"x":318.2832365276854,"y":314.5714413981771,"w":40,"h":40,"color":"red","lightness":400,"text":""},{"type":"element","name":"25","elementType":"RECTANGLE","id":25,"x":115.43863209694366,"y":71.15867533856563,"w":40,"h":40,"color":"green","lightness":400,"text":""},{"type":"element","name":"26","elementType":"RECTANGLE","id":26,"x":156.00753214029146,"y":71.15866744431544,"w":40,"h":40,"color":"green","lightness":400,"text":""},{"type":"element","name":"27","elementType":"RECTANGLE","id":27,"x":196.57643220281327,"y":71.15866114046014,"w":40,"h":40,"color":"red","lightness":400,"text":""},{"type":"element","name":"28","elementType":"RECTANGLE","id":28,"x":237.1453322675311,"y":71.15865640829013,"w":40,"h":40,"color":"green","lightness":400,"text":""},{"type":"element","name":"29","elementType":"RECTANGLE","id":29,"x":277.71423233113313,"y":71.1586532719754,"w":40,"h":40,"color":"green","lightness":400,"text":""},{"type":"element","name":"30","elementType":"RECTANGLE","id":30,"x":318.28313238419315,"y":71.15865170362002,"w":40,"h":40,"color":"red","lightness":400,"text":""},{"type":"element","name":"arrow-1-25","elementType":"ARROW","id":31,"pointerAtBeginning":false,"dashEnabled":true,"startElement":1,"endElement":25,"pointerAtEnding":true},{"type":"element","name":"arrow-2-26","elementType":"ARROW","id":32,"pointerAtBeginning":false,"dashEnabled":true,"startElement":2,"endElement":26,"pointerAtEnding":true},{"type":"element","name":"arrow-4-28","elementType":"ARROW","id":33,"pointerAtBeginning":false,"dashEnabled":true,"startElement":4,"endElement":28,"pointerAtEnding":true},{"type":"element","name":"arrow-5-29","elementType":"ARROW","id":34,"pointerAtBeginning":false,"dashEnabled":true,"startElement":5,"endElement":29,"pointerAtEnding":true},{"type":"attribute","name":"const_dis","element":0,"val":40.56799125397744},{"type":"attribute","name":"rand2gxuefwf3ga","element":0,"val":115.438632133362},{"type":"attribute","name":"randu4kz07l2sj","element":0,"val":192.86551754358234},{"type":"attribute","name":"randee0vlj1ve5a","element":0,"val":156.00668019563707},{"type":"attribute","name":"rand9u5n9jhmrh","element":0,"val":196.57478504246095},{"type":"attribute","name":"randfkjgf1wlols","element":0,"val":237.14294668031323},{"type":"attribute","name":"randdqtw5zckwz","element":0,"val":277.711165128216},{"type":"attribute","name":"randd6veecyngcd","element":0,"val":318.27944037641566},{"type":"attribute","name":"randxi6194sgot","element":0,"val":156.00701148255675},{"type":"attribute","name":"randur0ffl0x6c","element":0,"val":196.57543819111376},{"type":"attribute","name":"randljwypowlggc","element":0,"val":237.14391222000538},{"type":"attribute","name":"randidj3q8y9d9h","element":0,"val":277.7124335805653},{"type":"attribute","name":"randkv9z9wwyf4p","element":0,"val":318.2810022856437},{"type":"attribute","name":"randl5dwfullqbt","element":0,"val":233.43389692285533},{"type":"attribute","name":"randi0l85vy2vdc","element":0,"val":156.00728603173005},{"type":"attribute","name":"randtion416imnn","element":0,"val":196.57597781602888},{"type":"attribute","name":"randqd64pfu3l9n","element":0,"val":237.1447074597245},{"type":"attribute","name":"rand8887ixu2yq9","element":0,"val":277.7134749673971},{"type":"attribute","name":"rand17f369x55ga","element":0,"val":318.28228033714305},{"type":"attribute","name":"randwy3qqb76lt","element":0,"val":274.0025603257746},{"type":"attribute","name":"randa7c29z9fz5d","element":0,"val":277.71427964003783},{"type":"attribute","name":"rand846ft2mroup","element":0,"val":318.2832365276854},{"type":"attribute","name":"randw2onr3399","element":0,"val":314.5714413981771},{"type":"attribute","name":"randf0rp78z999","element":0,"val":318.28313238419315},{"type":"attribute","name":"randis65scgqwyc","element":0,"val":71.15865170362002},{"type":"equation","equation":"x_1  =rand2gxuefwf3ga_0  "},{"type":"equation","equation":"y_1  =randu4kz07l2sj_0  "},{"type":"equation","equation":"y_2  =y_1  "},{"type":"equation","equation":"y_3  =y_2  "},{"type":"equation","equation":"y_4  =y_3  "},{"type":"equation","equation":"y_5  =y_4  "},{"type":"equation","equation":"y_6  =y_5  "},{"type":"equation","equation":"x_6 - x_6=x_1 - x_7"},{"type":"equation","equation":"y_8  =y_7  "},{"type":"equation","equation":"y_9  =y_8  "},{"type":"equation","equation":"y_10  =y_9  "},{"type":"equation","equation":"y_11  =y_10  "},{"type":"equation","equation":"y_12  =y_11  "},{"type":"equation","equation":"x_12 - x_12=x_7 - x_13"},{"type":"equation","equation":"y_14  =y_13  "},{"type":"equation","equation":"y_15  =y_14  "},{"type":"equation","equation":"y_16  =y_15  "},{"type":"equation","equation":"y_17  =y_16  "},{"type":"equation","equation":"y_18  =y_17  "},{"type":"equation","equation":"x_18 - x_18=x_13 - x_19"},{"type":"equation","equation":"y_20  =y_19  "},{"type":"equation","equation":"y_21  =y_20  "},{"type":"equation","equation":"y_22  =y_21  "},{"type":"equation","equation":"y_23  =y_22  "},{"type":"equation","equation":"x_24 - x_23=x_23 - x_22"},{"type":"equation","equation":"y_24  =y_23  "},{"type":"equation","equation":"x_24 - x_24=x_19 - x_25"},{"type":"equation","equation":"x_24 - x_21=y_6 - y_25"},{"type":"equation","equation":"x_26 - x_25=x_21 - x_20"},{"type":"equation","equation":"y_26  =y_25  "},{"type":"equation","equation":"x_27 - x_26=x_26 - x_25"},{"type":"equation","equation":"y_27  =y_26  "},{"type":"equation","equation":"x_28 - x_27=x_27 - x_26"},{"type":"equation","equation":"y_28  =y_27  "},{"type":"equation","equation":"x_29 - x_28=x_28 - x_27"},{"type":"equation","equation":"y_29  =y_28  "},{"type":"equation","equation":"x_30 - x_29=x_29 - x_28"},{"type":"equation","equation":"y_30  =y_29  "},{"type":"equation","equation":"x_2  =randee0vlj1ve5a_0  "},{"type":"equation","equation":"x_3  =rand9u5n9jhmrh_0  "},{"type":"equation","equation":"x_4  =randfkjgf1wlols_0  "},{"type":"equation","equation":"x_5  =randdqtw5zckwz_0  "},{"type":"equation","equation":"x_6  =randd6veecyngcd_0  "},{"type":"equation","equation":"x_8  =randxi6194sgot_0  "},{"type":"equation","equation":"x_9  =randur0ffl0x6c_0  "},{"type":"equation","equation":"x_10  =randljwypowlggc_0  "},{"type":"equation","equation":"x_11  =randidj3q8y9d9h_0  "},{"type":"equation","equation":"x_12  =randkv9z9wwyf4p_0  "},{"type":"equation","equation":"y_12  =randl5dwfullqbt_0  "},{"type":"equation","equation":"x_14  =randi0l85vy2vdc_0  "},{"type":"equation","equation":"x_15  =randtion416imnn_0  "},{"type":"equation","equation":"x_16  =randqd64pfu3l9n_0  "},{"type":"equation","equation":"x_17  =rand8887ixu2yq9_0  "},{"type":"equation","equation":"x_18  =rand17f369x55ga_0  "},{"type":"equation","equation":"y_18  =randwy3qqb76lt_0  "},{"type":"equation","equation":"x_23  =randa7c29z9fz5d_0  "},{"type":"equation","equation":"x_24  =rand846ft2mroup_0  "},{"type":"equation","equation":"y_24  =randw2onr3399_0  "},{"type":"equation","equation":"x_30  =randf0rp78z999_0  "},{"type":"equation","equation":"y_30  =randis65scgqwyc_0  "}]