[{"type":"element","name":"1","elementType":"CIRCLE","id":1,"x":139.99999999969913,"y":84.57144165045317,"color":"green","w":60,"h":60,"lightness":300,"text":"明暗"},{"type":"element","name":"2","elementType":"CIRCLE","id":2,"x":269.4285888672839,"y":84.57144165055429,"color":"green","w":60,"h":60,"lightness":300,"text":"明暗"},{"type":"element","name":"3","elementType":"CIRCLE","id":3,"x":74.99999999965941,"y":214.0000305179919,"color":"green","w":50,"h":50,"lightness":200,"text":"明"},{"type":"element","name":"4","elementType":"CIRCLE","id":4,"x":172.21429443342078,"y":214.00003051728626,"color":"green","w":50,"h":50,"lightness":400,"text":"暗"},{"type":"element","name":"5","elementType":"CIRCLE","id":5,"x":269.42858886720086,"y":214.00003051747413,"color":"green","w":50,"h":50,"lightness":200,"text":"明"},{"type":"element","name":"6","elementType":"CIRCLE","id":6,"x":366.6428833009411,"y":214.00003051756426,"color":"green","w":50,"h":50,"lightness":400,"text":"暗"},{"type":"element","name":"7","elementType":"CIRCLE","id":7,"x":74.9999999997643,"y":311.2143249512983,"color":"green","w":60,"h":60,"lightness":200,"text":"明明"},{"type":"element","name":"8","elementType":"CIRCLE","id":8,"x":172.21429443353148,"y":311.2143249513289,"color":"green","w":60,"h":60,"lightness":300,"text":"明暗"},{"type":"element","name":"9","elementType":"CIRCLE","id":9,"x":269.4285888673131,"y":311.21432495133547,"color":"green","w":60,"h":60,"lightness":300,"text":"明暗"},{"type":"element","name":"10","elementType":"CIRCLE","id":10,"x":366.64288330109474,"y":311.2143249513359,"color":"green","w":60,"h":60,"lightness":400,"text":"暗暗"},{"type":"element","name":"arrow-1-3","elementType":"ARROW","id":11,"pointerAtBeginning":false,"dashEnabled":false,"startElement":1,"endElement":3,"pointerAtEnding":true},{"type":"element","name":"arrow-1-4","elementType":"ARROW","id":12,"pointerAtBeginning":false,"dashEnabled":false,"startElement":1,"endElement":4,"pointerAtEnding":true},{"type":"element","name":"arrow-2-5","elementType":"ARROW","id":13,"pointerAtBeginning":false,"dashEnabled":false,"startElement":2,"endElement":5,"pointerAtEnding":true},{"type":"element","name":"arrow-2-6","elementType":"ARROW","id":14,"pointerAtBeginning":false,"dashEnabled":false,"startElement":2,"endElement":6,"pointerAtEnding":true},{"type":"element","name":"arrow-3-7","elementType":"ARROW","id":15,"pointerAtBeginning":false,"dashEnabled":false,"startElement":3,"endElement":7,"pointerAtEnding":true},{"type":"element","name":"arrow-4-9","elementType":"ARROW","id":16,"pointerAtBeginning":false,"dashEnabled":false,"startElement":4,"endElement":9,"pointerAtEnding":true},{"type":"element","name":"arrow-3-8","elementType":"ARROW","id":17,"pointerAtBeginning":false,"dashEnabled":false,"startElement":3,"endElement":8,"pointerAtEnding":true},{"type":"element","name":"arrow-5-7","elementType":"ARROW","id":18,"pointerAtBeginning":false,"dashEnabled":false,"startElement":5,"endElement":7,"pointerAtEnding":true},{"type":"element","name":"arrow-6-8","elementType":"ARROW","id":19,"pointerAtBeginning":false,"dashEnabled":false,"startElement":6,"endElement":8,"pointerAtEnding":true},{"type":"element","name":"arrow-4-10","elementType":"ARROW","id":20,"pointerAtBeginning":false,"dashEnabled":false,"startElement":4,"endElement":10,"pointerAtEnding":true},{"type":"element","name":"arrow-6-10","elementType":"ARROW","id":21,"pointerAtBeginning":false,"dashEnabled":false,"startElement":6,"endElement":10,"pointerAtEnding":true},{"type":"element","name":"arrow-5-9","elementType":"ARROW","id":22,"pointerAtBeginning":false,"dashEnabled":false,"startElement":5,"endElement":9,"pointerAtEnding":true},{"type":"attribute","name":"const_dis","element":0,"val":65.00000000002939},{"type":"attribute","name":"randp4adh3sm3y","element":0,"val":139.99999999968838},{"type":"attribute","name":"randng004u2w22f","element":0,"val":84.57144165063465},{"type":"attribute","name":"randn8sky6oop7l","element":0,"val":269.42858886758256},{"type":"equation","equation":"x_1  =randp4adh3sm3y_0  "},{"type":"equation","equation":"y_1  =randng004u2w22f_0  "},{"type":"equation","equation":"y_2  =y_1  "},{"type":"equation","equation":"x_2  =randn8sky6oop7l_0  "},{"type":"equation","equation":"x_3  =x_1 - const_dis_0"},{"type":"equation","equation":"y_3 - y_2=x_2 - x_1"},{"type":"equation","equation":"y_4  =y_3  "},{"type":"equation","equation":"x_5  =x_2  "},{"type":"equation","equation":"y_5  =y_4  "},{"type":"equation","equation":"x_6 - x_5=x_5 - x_4"},{"type":"equation","equation":"y_6  =y_5  "},{"type":"equation","equation":"x_3 - x_4=x_4 - x_5"},{"type":"equation","equation":"x_7  =x_3  "},{"type":"equation","equation":"y_7 - y_6=x_6 - x_5"},{"type":"equation","equation":"x_8  =x_4  "},{"type":"equation","equation":"y_8  =y_7  "},{"type":"equation","equation":"x_9 - x_8=y_8 - y_6"},{"type":"equation","equation":"y_9  =y_8  "},{"type":"equation","equation":"x_10 - x_9=x_9 - x_8"},{"type":"equation","equation":"y_10  =y_9  "}]