[{"type":"element","name":"1","elementType":"RECTANGLE","id":1,"x":135.42857360843504,"y":188.09524599678764,"shape":"","w":100,"h":30,"color":"orange","lightness":400,"text":"叠加与归一化"},{"type":"element","name":"2","elementType":"RECTANGLE","id":2,"x":135.42857360844167,"y":263.17461162098766,"shape":"","w":100,"h":30,"color":"purple","lightness":400,"text":"输入编码"},{"type":"element","name":"3","elementType":"RECTANGLE","id":3,"x":135.42857360846136,"y":109.04762776683805,"shape":"","w":100,"h":30,"color":"blue","lightness":400,"text":"前馈网络"},{"type":"element","name":"4","elementType":"RECTANGLE","id":4,"x":250.42857360833779,"y":32.38096110038704,"shape":"","w":100,"h":30,"color":"green","lightness":400,"text":"编码器输出"},{"type":"element","name":"5","elementType":"RECTANGLE","id":5,"x":250.42857360835706,"y":109.04762776683786,"shape":"","w":100,"h":30,"color":"orange","lightness":400,"text":"叠加与归一化"},{"type":"element","name":"6","elementType":"RECTANGLE","id":6,"x":250.4285736083713,"y":188.09524599678758,"shape":"","w":100,"h":30,"color":"orange","lightness":600,"text":"多头注意力"},{"type":"element","name":"7","elementType":"RECTANGLE","id":7,"x":250.42857360838246,"y":263.1746116209876,"shape":"","w":100,"h":30,"color":"grey","lightness":400,"text":"合并"},{"type":"element","name":"8","elementType":"RECTANGLE","id":8,"x":250.42857360839838,"y":338.2539772451912,"shape":"","w":100,"h":30,"color":"purple","lightness":400,"text":"坐标编码"},{"type":"element","name":"arrow-5-4","elementType":"ARROW","id":9,"pointerAtBeginning":false,"dashEnabled":false,"startElement":5,"endElement":4,"pointerAtEnding":true},{"type":"element","name":"arrow-3-5","elementType":"ARROW","id":10,"pointerAtBeginning":false,"dashEnabled":false,"startElement":3,"endElement":5,"pointerAtEnding":true},{"type":"element","name":"arrow-1-3","elementType":"ARROW","id":11,"pointerAtBeginning":false,"dashEnabled":false,"startElement":1,"endElement":3,"pointerAtEnding":true},{"type":"element","name":"arrow-1-5","elementType":"ARROW","id":12,"pointerAtBeginning":false,"dashEnabled":false,"startElement":1,"endElement":5,"pointerAtEnding":true},{"type":"element","name":"arrow-6-1","elementType":"ARROW","id":13,"pointerAtBeginning":false,"dashEnabled":false,"startElement":6,"endElement":1,"pointerAtEnding":true},{"type":"element","name":"arrow-7-6","elementType":"ARROW","id":14,"pointerAtBeginning":false,"dashEnabled":false,"startElement":7,"endElement":6,"pointerAtEnding":true},{"type":"element","name":"arrow-8-7","elementType":"ARROW","id":15,"pointerAtBeginning":false,"dashEnabled":false,"startElement":8,"endElement":7,"pointerAtEnding":true},{"type":"element","name":"arrow-7-1","elementType":"ARROW","id":16,"pointerAtBeginning":false,"dashEnabled":false,"startElement":7,"endElement":1,"pointerAtEnding":true},{"type":"element","name":"arrow-2-7","elementType":"ARROW","id":17,"pointerAtBeginning":false,"dashEnabled":false,"startElement":2,"endElement":7,"pointerAtEnding":true},{"type":"attribute","name":"const_dis","element":0,"val":112.6190484363018},{"type":"attribute","name":"randh281bl7hw6e","element":0,"val":135.42857360841566},{"type":"attribute","name":"randzmqdk60zrji","element":0,"val":32.38096110038703},{"type":"attribute","name":"randq53ri7uq9tc","element":0,"val":250.4285736084439},{"type":"attribute","name":"randu17i1wvkxd","element":0,"val":338.25397724518666},{"type":"attribute","name":"randdxg16spo02m","element":0,"val":109.04762776683734},{"type":"attribute","name":"rande579b2zxcc","element":0,"val":263.1746116209876},{"type":"equation","equation":"x_1  =randh281bl7hw6e_0  "},{"type":"equation","equation":"x_2  =x_1  "},{"type":"equation","equation":"x_3  =x_2  "},{"type":"equation","equation":"y_4  =randzmqdk60zrji_0  "},{"type":"equation","equation":"x_5  =x_4  "},{"type":"equation","equation":"x_6  =x_5  "},{"type":"equation","equation":"x_7  =x_6  "},{"type":"equation","equation":"x_8  =x_7  "},{"type":"equation","equation":"y_8  =randu17i1wvkxd_0  "},{"type":"equation","equation":"y_7 - y_8=y_6 - y_7"},{"type":"equation","equation":"y_3  =y_5  "},{"type":"equation","equation":"x_8  =randq53ri7uq9tc_0  "},{"type":"equation","equation":"y_1  =y_6  "},{"type":"equation","equation":"y_5  =randdxg16spo02m_0  "},{"type":"equation","equation":"y_2  =y_7  "},{"type":"equation","equation":"y_7  =rande579b2zxcc_0  "}]