[{"type":"element","name":"1","elementType":"CIRCLE","id":1,"x":140.00000000021595,"y":156.0000000003047,"shape":"","w":10,"h":10,"color":"grey","lightness":900,"text":""},{"type":"element","name":"2","elementType":"CIRCLE","id":2,"x":140.00000000011752,"y":252.8571472168846,"shape":"","w":10,"h":10,"color":"grey","lightness":900,"text":""},{"type":"element","name":"3","elementType":"CIRCLE","id":3,"x":236.85714721648023,"y":252.85714721699634,"shape":"","w":10,"h":10,"color":"grey","lightness":900,"text":""},{"type":"element","name":"4","elementType":"CIRCLE","id":4,"x":236.85714721687734,"y":155.71428934736707,"shape":"","w":10,"h":10,"color":"grey","lightness":900,"text":""},{"type":"element","name":"5","elementType":"CIRCLE","id":5,"x":188.42857360859978,"y":107.14286041256885,"shape":"","w":10,"h":10,"color":"grey","lightness":900,"text":""},{"type":"element","name":"6","elementType":"CIRCLE","id":6,"x":285.28572082522476,"y":107.14286041254161,"shape":"","w":10,"h":10,"color":"grey","lightness":900,"text":""},{"type":"element","name":"7","elementType":"CIRCLE","id":7,"x":285.28572082503985,"y":204.2857182821671,"shape":"","w":10,"h":10,"color":"grey","lightness":900,"text":""},{"type":"element","name":"arrow-1-2","elementType":"ARROW","id":8,"pointerAtBeginning":false,"dashEnabled":false,"startElement":1,"endElement":2,"pointerAtEnding":false},{"type":"element","name":"arrow-4-3","elementType":"ARROW","id":9,"pointerAtBeginning":false,"dashEnabled":false,"startElement":4,"endElement":3,"pointerAtEnding":false},{"type":"element","name":"arrow-1-4","elementType":"ARROW","id":10,"pointerAtBeginning":false,"dashEnabled":false,"startElement":1,"endElement":4,"pointerAtEnding":false},{"type":"element","name":"arrow-2-3","elementType":"ARROW","id":11,"pointerAtBeginning":false,"dashEnabled":false,"startElement":2,"endElement":3,"pointerAtEnding":false},{"type":"element","name":"arrow-1-5","elementType":"ARROW","id":12,"pointerAtBeginning":false,"dashEnabled":false,"startElement":1,"endElement":5,"pointerAtEnding":false},{"type":"element","name":"arrow-5-6","elementType":"ARROW","id":13,"pointerAtBeginning":false,"dashEnabled":false,"startElement":5,"endElement":6,"pointerAtEnding":false},{"type":"element","name":"arrow-6-4","elementType":"ARROW","id":14,"pointerAtBeginning":false,"dashEnabled":false,"startElement":6,"endElement":4,"pointerAtEnding":false},{"type":"element","name":"arrow-6-7","elementType":"ARROW","id":15,"pointerAtBeginning":false,"dashEnabled":false,"startElement":6,"endElement":7,"pointerAtEnding":false},{"type":"element","name":"arrow-7-3","elementType":"ARROW","id":16,"pointerAtBeginning":false,"dashEnabled":false,"startElement":7,"endElement":3,"pointerAtEnding":false},{"type":"element","name":"17","elementType":"CIRCLE","id":17,"x":188.42857360879924,"y":204.28571828215894,"shape":"","w":10,"h":10,"color":"grey","lightness":900,"text":""},{"type":"element","name":"arrow-5-17","elementType":"ARROW","id":18,"pointerAtBeginning":false,"dashEnabled":true,"startElement":5,"endElement":17,"pointerAtEnding":false},{"type":"element","name":"arrow-17-7","elementType":"ARROW","id":19,"pointerAtBeginning":false,"dashEnabled":true,"startElement":17,"endElement":7,"pointerAtEnding":false},{"type":"element","name":"arrow-17-2","elementType":"ARROW","id":20,"pointerAtBeginning":false,"dashEnabled":true,"startElement":17,"endElement":2,"pointerAtEnding":false},{"type":"element","name":"arrow-5-3","elementType":"ARROW","id":21,"pointerAtBeginning":false,"dashEnabled":true,"startElement":5,"endElement":3,"pointerAtEnding":false},{"type":"element","name":"arrow-1-7","elementType":"ARROW","id":22,"pointerAtBeginning":false,"dashEnabled":true,"startElement":1,"endElement":7,"pointerAtEnding":false},{"type":"element","name":"arrow-6-2","elementType":"ARROW","id":23,"pointerAtBeginning":false,"dashEnabled":true,"startElement":6,"endElement":2,"pointerAtEnding":false},{"type":"element","name":"24","elementType":"CIRCLE","id":24,"x":212.6428604128384,"y":180.142859141232,"shape":"","w":10,"h":10,"color":"red","lightness":900,"text":""},{"type":"attribute","name":"const_dis","element":0,"val":65},{"type":"attribute","name":"randu47yfj0l9j9","element":0,"val":140.00000000024173},{"type":"attribute","name":"randap1vcwkcjzt","element":0,"val":156.00000000021726},{"type":"attribute","name":"randdx1lykvzqhn","element":0,"val":252.85714721651695},{"type":"attribute","name":"randvmhc37lb0n","element":0,"val":236.85714721683905},{"type":"attribute","name":"rand043gosj3ccf","element":0,"val":107.14286041257982},{"type":"equation","equation":"x_1  =randu47yfj0l9j9_0  "},{"type":"equation","equation":"y_1  =randap1vcwkcjzt_0  "},{"type":"equation","equation":"x_2  =x_1  "},{"type":"equation","equation":"y_2  =randdx1lykvzqhn_0  "},{"type":"equation","equation":"y_3  =y_2  "},{"type":"equation","equation":"x_3  =randvmhc37lb0n_0  "},{"type":"equation","equation":"x_4  =x_3  "},{"type":"equation","equation":"y_1 - y_2=x_2 - x_3"},{"type":"equation","equation":"x_5 - x_4=x_2 - x_5"},{"type":"equation","equation":"y_5  =rand043gosj3ccf_0  "},{"type":"equation","equation":"x_6 - x_4=x_4 - x_5"},{"type":"equation","equation":"y_6  =y_5  "},{"type":"equation","equation":"x_1 - x_4=x_5 - x_6"},{"type":"equation","equation":"x_7  =x_6  "},{"type":"equation","equation":"y_7 - y_4=y_4 - y_6"},{"type":"equation","equation":"y_6 - y_7=y_4 - y_3"},{"type":"equation","equation":"x_17  =x_5  "},{"type":"equation","equation":"y_17  =y_7  "},{"type":"equation","equation":"x_24 - x_4=x_17 - x_24"},{"type":"equation","equation":"y_24 - y_17=y_1 - y_24"}]