[{"type":"element","name":"1","elementType":"RECTANGLE","id":1,"x":72.57143402118096,"y":77.14286041252446,"shape":"","w":40,"h":40,"color":"green","lightness":400,"text":""},{"type":"element","name":"2","elementType":"RECTANGLE","id":2,"x":112.57143402101407,"y":77.14286041257157,"shape":"","w":40,"h":40,"color":"green","lightness":400,"text":""},{"type":"element","name":"3","elementType":"RECTANGLE","id":3,"x":152.5714340208157,"y":77.14286041247328,"shape":"","w":40,"h":40,"color":"red","lightness":400,"text":""},{"type":"element","name":"4","elementType":"RECTANGLE","id":4,"x":192.57143402055124,"y":77.14286041263857,"shape":"","w":40,"h":40,"color":"green","lightness":400,"text":""},{"type":"element","name":"5","elementType":"RECTANGLE","id":5,"x":232.57143402024963,"y":77.14286041267142,"shape":"","w":40,"h":40,"color":"green","lightness":400,"text":""},{"type":"element","name":"6","elementType":"RECTANGLE","id":6,"x":272.5714340199367,"y":77.14286041267869,"shape":"","w":40,"h":40,"color":"red","lightness":400,"text":""},{"type":"element","name":"7","elementType":"RECTANGLE","id":7,"x":72.57143402113185,"y":167.71429443359153,"shape":"","w":40,"h":40,"color":"green","lightness":400,"text":"1"},{"type":"element","name":"8","elementType":"RECTANGLE","id":8,"x":112.57143402096533,"y":167.71429443359168,"shape":"","w":40,"h":40,"color":"red","lightness":400,"text":""},{"type":"element","name":"9","elementType":"RECTANGLE","id":9,"x":152.57143402082409,"y":167.71429443359173,"shape":"","w":40,"h":40,"color":"red","lightness":400,"text":""},{"type":"element","name":"10","elementType":"RECTANGLE","id":10,"x":192.5714340206594,"y":167.71429443359492,"shape":"","w":40,"h":40,"color":"red","lightness":400,"text":""},{"type":"element","name":"11","elementType":"RECTANGLE","id":11,"x":232.57143402047686,"y":167.71429443359736,"shape":"","w":40,"h":40,"color":"red","lightness":400,"text":""},{"type":"element","name":"12","elementType":"RECTANGLE","id":12,"x":272.57143402030005,"y":167.7142944336135,"shape":"","w":40,"h":40,"color":"red","lightness":400,"text":""},{"type":"element","name":"13","elementType":"RECTANGLE","id":13,"x":72.57143402107256,"y":207.71429443345485,"shape":"","w":40,"h":40,"color":"blue","lightness":400,"text":"0"},{"type":"element","name":"14","elementType":"RECTANGLE","id":14,"x":112.57143402093575,"y":207.71429443346904,"shape":"","w":40,"h":40,"color":"green","lightness":400,"text":"1"},{"type":"element","name":"15","elementType":"RECTANGLE","id":15,"x":152.5714340207839,"y":207.71429443347236,"shape":"","w":40,"h":40,"color":"red","lightness":400,"text":""},{"type":"element","name":"16","elementType":"RECTANGLE","id":16,"x":192.57143402062164,"y":207.71429443347824,"shape":"","w":40,"h":40,"color":"red","lightness":400,"text":""},{"type":"element","name":"17","elementType":"RECTANGLE","id":17,"x":232.5714340204934,"y":207.7142944334817,"shape":"","w":40,"h":40,"color":"red","lightness":400,"text":""},{"type":"element","name":"18","elementType":"RECTANGLE","id":18,"x":272.5714340203633,"y":207.71429443348495,"shape":"","w":40,"h":40,"color":"red","lightness":400,"text":""},{"type":"element","name":"19","elementType":"RECTANGLE","id":19,"x":72.57143402108436,"y":247.71429443336075,"shape":"","w":40,"h":40,"color":"blue","lightness":400,"text":"0"},{"type":"element","name":"20","elementType":"RECTANGLE","id":20,"x":112.57143402096402,"y":247.71429443336405,"shape":"","w":40,"h":40,"color":"blue","lightness":400,"text":"0"},{"type":"element","name":"21","elementType":"RECTANGLE","id":21,"x":152.5714340208444,"y":247.71429443336885,"shape":"","w":40,"h":40,"color":"blue","lightness":400,"text":"0"},{"type":"element","name":"22","elementType":"RECTANGLE","id":22,"x":192.57143402073447,"y":247.71429443337163,"shape":"","w":40,"h":40,"color":"green","lightness":400,"text":"1"},{"type":"element","name":"23","elementType":"RECTANGLE","id":23,"x":232.5714340206293,"y":247.71429443337502,"shape":"","w":40,"h":40,"color":"red","lightness":400,"text":""},{"type":"element","name":"24","elementType":"RECTANGLE","id":24,"x":272.5714340205249,"y":247.7142944333789,"shape":"","w":40,"h":40,"color":"red","lightness":400,"text":""},{"type":"element","name":"25","elementType":"RECTANGLE","id":25,"x":72.57143402108008,"y":287.71429443327065,"shape":"","w":40,"h":40,"color":"blue","lightness":400,"text":"0"},{"type":"element","name":"26","elementType":"RECTANGLE","id":26,"x":112.5714340209626,"y":287.71429443327304,"shape":"","w":40,"h":40,"color":"blue","lightness":400,"text":"0"},{"type":"element","name":"27","elementType":"RECTANGLE","id":27,"x":152.57143402083975,"y":287.71429443327554,"shape":"","w":40,"h":40,"color":"blue","lightness":400,"text":"0"},{"type":"element","name":"28","elementType":"RECTANGLE","id":28,"x":192.57143402071384,"y":287.7142944332764,"shape":"","w":40,"h":40,"color":"blue","lightness":400,"text":"0"},{"type":"element","name":"29","elementType":"RECTANGLE","id":29,"x":232.57143402058784,"y":287.7142944332776,"shape":"","w":40,"h":40,"color":"green","lightness":400,"text":"1"},{"type":"element","name":"30","elementType":"RECTANGLE","id":30,"x":272.5714340204622,"y":287.71429443327753,"shape":"","w":40,"h":40,"color":"red","lightness":400,"text":""},{"type":"element","name":"arrow-7-1","elementType":"ARROW","id":31,"pointerAtBeginning":false,"dashEnabled":true,"startElement":7,"endElement":1,"pointerAtEnding":true},{"type":"element","name":"arrow-14-2","elementType":"ARROW","id":32,"pointerAtBeginning":false,"dashEnabled":true,"startElement":14,"endElement":2,"pointerAtEnding":true},{"type":"element","name":"arrow-22-4","elementType":"ARROW","id":33,"pointerAtBeginning":false,"dashEnabled":true,"startElement":22,"endElement":4,"pointerAtEnding":true},{"type":"element","name":"arrow-29-5","elementType":"ARROW","id":34,"pointerAtBeginning":false,"dashEnabled":true,"startElement":29,"endElement":5,"pointerAtEnding":true},{"type":"attribute","name":"const_dis","element":0,"val":39.999999999849315},{"type":"attribute","name":"randdsu5vacs4od","element":0,"val":72.57143402119858},{"type":"attribute","name":"randotgvhyv1kjm","element":0,"val":77.14286041251009},{"type":"attribute","name":"randxe3vell3l8l","element":0,"val":167.71429443359145},{"type":"equation","equation":"x_1  =randdsu5vacs4od_0  "},{"type":"equation","equation":"y_1  =randotgvhyv1kjm_0  "},{"type":"equation","equation":"x_2  =x_1 + const_dis_0"},{"type":"equation","equation":"y_2  =y_1  "},{"type":"equation","equation":"x_3 - x_2=x_2 - x_1"},{"type":"equation","equation":"y_3  =y_2  "},{"type":"equation","equation":"x_4 - x_3=x_3 - x_2"},{"type":"equation","equation":"y_4  =y_3  "},{"type":"equation","equation":"x_3 - x_4=x_4 - x_5"},{"type":"equation","equation":"y_5  =y_4  "},{"type":"equation","equation":"x_4 - x_5=x_5 - x_6"},{"type":"equation","equation":"y_6  =y_5  "},{"type":"equation","equation":"x_6 - x_6=x_1 - x_7"},{"type":"equation","equation":"y_7  =randxe3vell3l8l_0  "},{"type":"equation","equation":"x_8  =x_2  "},{"type":"equation","equation":"y_8  =randxe3vell3l8l_0  "},{"type":"equation","equation":"x_9 - x_8=x_8 - x_7"},{"type":"equation","equation":"y_9  =y_8  "},{"type":"equation","equation":"x_10 - x_9=x_9 - x_8"},{"type":"equation","equation":"y_10  =y_9  "},{"type":"equation","equation":"x_11 - x_10=x_10 - x_9"},{"type":"equation","equation":"y_11  =y_10  "},{"type":"equation","equation":"x_12 - x_11=x_11 - x_10"},{"type":"equation","equation":"y_12  =y_11  "},{"type":"equation","equation":"x_12 - x_12=x_7 - x_13"},{"type":"equation","equation":"y_13 - y_12=x_12 - x_11"},{"type":"equation","equation":"x_14 - x_13=y_13 - y_12"},{"type":"equation","equation":"y_14  =y_13  "},{"type":"equation","equation":"x_15 - x_14=x_14 - x_13"},{"type":"equation","equation":"y_15  =y_14  "},{"type":"equation","equation":"x_16 - x_15=x_15 - x_14"},{"type":"equation","equation":"y_16  =y_15  "},{"type":"equation","equation":"x_17 - x_16=x_16 - x_15"},{"type":"equation","equation":"y_17  =y_16  "},{"type":"equation","equation":"x_18 - x_17=x_17 - x_16"},{"type":"equation","equation":"y_18  =y_17  "},{"type":"equation","equation":"x_18 - x_18=x_13 - x_19"},{"type":"equation","equation":"x_17 - x_18=y_18 - y_19"},{"type":"equation","equation":"x_20 - x_19=y_19 - y_18"},{"type":"equation","equation":"y_20  =y_19  "},{"type":"equation","equation":"x_21 - x_20=x_20 - x_19"},{"type":"equation","equation":"y_21  =y_20  "},{"type":"equation","equation":"x_22 - x_21=x_21 - x_20"},{"type":"equation","equation":"y_22  =y_21  "},{"type":"equation","equation":"x_23 - x_22=x_22 - x_21"},{"type":"equation","equation":"y_23  =y_22  "},{"type":"equation","equation":"x_24 - x_23=x_23 - x_22"},{"type":"equation","equation":"y_24  =y_23  "},{"type":"equation","equation":"x_24 - x_24=x_19 - x_25"},{"type":"equation","equation":"x_23 - x_24=y_24 - y_25"},{"type":"equation","equation":"x_26 - x_25=y_25 - y_24"},{"type":"equation","equation":"y_26  =y_25  "},{"type":"equation","equation":"x_27 - x_26=x_26 - x_25"},{"type":"equation","equation":"y_27  =y_26  "},{"type":"equation","equation":"x_28 - x_27=x_27 - x_26"},{"type":"equation","equation":"y_28  =y_27  "},{"type":"equation","equation":"x_29 - x_28=x_28 - x_27"},{"type":"equation","equation":"y_29  =y_28  "},{"type":"equation","equation":"x_30 - x_29=x_29 - x_28"},{"type":"equation","equation":"y_30  =y_29  "}]