[{"type":"element","name":"1","elementType":"CIRCLE","id":1,"x":156.95238907430556,"y":116.0000156410388,"shape":"","w":60,"h":60,"color":"green","lightness":400,"text":"明暗"},{"type":"element","name":"2","elementType":"CIRCLE","id":2,"x":297.90483013774104,"y":116.00001564081352,"shape":"","w":60,"h":60,"color":"green","lightness":400,"text":"明暗"},{"type":"element","name":"3","elementType":"CIRCLE","id":3,"x":192.1904994510498,"y":308.000034615416,"shape":"","w":60,"h":60,"color":"green","lightness":400,"text":"明暗"},{"type":"element","name":"4","elementType":"CIRCLE","id":4,"x":262.6667200903718,"y":308.0000346149646,"shape":"","w":60,"h":60,"color":"green","lightness":400,"text":"明暗"},{"type":"element","name":"5","elementType":"CIRCLE","id":5,"x":121.71427881161499,"y":308.0000346149339,"shape":"","w":60,"h":60,"color":"green","lightness":200,"text":"明明"},{"type":"element","name":"6","elementType":"CIRCLE","id":6,"x":333.1429407296118,"y":308.0000346143544,"shape":"","w":60,"h":60,"color":"green","lightness":600,"text":"暗暗"},{"type":"element","name":"7","elementType":"CIRCLE","id":7,"x":121.71427881014317,"y":212.0000251281278,"shape":"","w":60,"h":60,"color":"green","lightness":200,"text":"明"},{"type":"element","name":"8","elementType":"CIRCLE","id":8,"x":192.19049934061675,"y":212.0000251288743,"shape":"","w":60,"h":60,"color":"green","lightness":600,"text":"暗"},{"type":"element","name":"9","elementType":"CIRCLE","id":9,"x":262.6667198716996,"y":212.00002512871836,"shape":"","w":60,"h":60,"color":"green","lightness":200,"text":"明"},{"type":"element","name":"10","elementType":"CIRCLE","id":10,"x":333.1429404030513,"y":212.00002512810832,"shape":"","w":60,"h":60,"color":"green","lightness":600,"text":"暗"},{"type":"element","name":"arrow-1-7","elementType":"ARROW","id":11,"pointerAtBeginning":false,"dashEnabled":false,"startElement":1,"endElement":7,"pointerAtEnding":true},{"type":"element","name":"arrow-1-8","elementType":"ARROW","id":12,"pointerAtBeginning":false,"dashEnabled":false,"startElement":1,"endElement":8,"pointerAtEnding":true},{"type":"element","name":"arrow-2-9","elementType":"ARROW","id":13,"pointerAtBeginning":false,"dashEnabled":false,"startElement":2,"endElement":9,"pointerAtEnding":true},{"type":"element","name":"arrow-2-10","elementType":"ARROW","id":14,"pointerAtBeginning":false,"dashEnabled":false,"startElement":2,"endElement":10,"pointerAtEnding":true},{"type":"element","name":"arrow-7-5","elementType":"ARROW","id":15,"pointerAtBeginning":false,"dashEnabled":false,"startElement":7,"endElement":5,"pointerAtEnding":true},{"type":"element","name":"arrow-9-5","elementType":"ARROW","id":16,"pointerAtBeginning":false,"dashEnabled":false,"startElement":9,"endElement":5,"pointerAtEnding":true},{"type":"element","name":"arrow-7-3","elementType":"ARROW","id":17,"pointerAtBeginning":false,"dashEnabled":false,"startElement":7,"endElement":3,"pointerAtEnding":true},{"type":"element","name":"arrow-10-3","elementType":"ARROW","id":18,"pointerAtBeginning":false,"dashEnabled":false,"startElement":10,"endElement":3,"pointerAtEnding":true},{"type":"element","name":"arrow-9-4","elementType":"ARROW","id":19,"pointerAtBeginning":false,"dashEnabled":false,"startElement":9,"endElement":4,"pointerAtEnding":true},{"type":"element","name":"arrow-8-4","elementType":"ARROW","id":20,"pointerAtBeginning":false,"dashEnabled":false,"startElement":8,"endElement":4,"pointerAtEnding":true},{"type":"element","name":"arrow-8-6","elementType":"ARROW","id":21,"pointerAtBeginning":false,"dashEnabled":false,"startElement":8,"endElement":6,"pointerAtEnding":true},{"type":"element","name":"arrow-10-6","elementType":"ARROW","id":22,"pointerAtBeginning":false,"dashEnabled":false,"startElement":10,"endElement":6,"pointerAtEnding":true},{"type":"attribute","name":"constc1gqbowwsa7","element":-2,"val":2},{"type":"attribute","name":"const_dis","element":0,"val":65},{"type":"attribute","name":"rand7fctjfhvoii","element":0,"val":116.00001564096416},{"type":"attribute","name":"randgc5fu6vgpdl","element":0,"val":297.9048301379016},{"type":"attribute","name":"randa3uq0k0r7y","element":0,"val":333.1429404028262},{"type":"attribute","name":"rand4y76bfnoe72","element":0,"val":212.00002512810914},{"type":"attribute","name":"randytzidh5geoq","element":0,"val":333.14294072955596},{"type":"attribute","name":"randdqdym413itg","element":0,"val":212.00002512807185},{"type":"equation","equation":"y_1  =rand7fctjfhvoii_0  "},{"type":"equation","equation":"y_2  =y_1  "},{"type":"equation","equation":"x_2  =randgc5fu6vgpdl_0  "},{"type":"equation","equation":"y_4  =y_3  "},{"type":"equation","equation":"x_5 - x_3=x_3 - x_4"},{"type":"equation","equation":"y_5  =y_4  "},{"type":"equation","equation":"x_6 - x_4=x_3 - x_5"},{"type":"equation","equation":"y_6  =y_5  "},{"type":"equation","equation":"x_7  =x_5  "},{"type":"equation","equation":"x_9 - x_8=x_8 - x_7"},{"type":"equation","equation":"x_10 - x_9=x_9 - x_8"},{"type":"equation","equation":"x_1  =(x_7 + x_8) / constc1gqbowwsa7"},{"type":"equation","equation":"x_10  =randa3uq0k0r7y_0  "},{"type":"equation","equation":"y_10  =rand4y76bfnoe72_0  "},{"type":"equation","equation":"x_2  =(x_9 + x_10) / constc1gqbowwsa7"},{"type":"equation","equation":"y_7 - y_1=y_5 - y_7"},{"type":"equation","equation":"x_6  =randytzidh5geoq_0  "},{"type":"equation","equation":"y_7  =randdqdym413itg_0  "},{"type":"equation","equation":"y_3 - y_8=y_5 - y_7"},{"type":"equation","equation":"y_4 - y_9=y_3 - y_8"},{"type":"equation","equation":"y_6 - y_10=y_4 - y_9"}]