[{"type":"element","name":"1","elementType":"RECTANGLE","id":1,"x":83.99999999965328,"y":124.5714416504403,"shape":"","w":100,"h":30,"color":"blue","lightness":400,"text":"前馈网络"},{"type":"element","name":"2","elementType":"RECTANGLE","id":2,"x":198.99999999978255,"y":124.57144165044546,"shape":"","w":100,"h":30,"color":"orange","lightness":400,"text":"叠加与归一化"},{"type":"element","name":"3","elementType":"RECTANGLE","id":3,"x":198.9999999999089,"y":52.57143020622385,"shape":"","w":100,"h":30,"color":"green","lightness":400,"text":"编码器输出"},{"type":"element","name":"4","elementType":"RECTANGLE","id":4,"x":198.9999999998727,"y":196.57145309468527,"shape":"","w":100,"h":30,"color":"red","lightness":400,"text":"多头注意力"},{"type":"element","name":"5","elementType":"RECTANGLE","id":5,"x":83.99999999974533,"y":196.57145309468416,"shape":"","w":100,"h":30,"color":"orange","lightness":400,"text":"叠加与归一化"},{"type":"element","name":"6","elementType":"RECTANGLE","id":6,"x":83.99999999983915,"y":268.57146453890005,"shape":"","w":100,"h":30,"color":"blue","lightness":400,"text":"输入编码"},{"type":"element","name":"7","elementType":"RECTANGLE","id":7,"x":198.9999999998843,"y":268.5714645388928,"shape":"","w":100,"h":30,"color":"blue","lightness":400,"text":"合并"},{"type":"element","name":"8","elementType":"RECTANGLE","id":8,"x":198.99999999988432,"y":340.5714759831013,"shape":"","w":100,"h":30,"color":"blue","lightness":400,"text":"坐标编码"},{"type":"element","name":"arrow-5-1","elementType":"ARROW","id":9,"pointerAtBeginning":false,"dashEnabled":false,"startElement":5,"endElement":1,"pointerAtEnding":true},{"type":"element","name":"arrow-5-2","elementType":"ARROW","id":10,"pointerAtBeginning":false,"dashEnabled":false,"startElement":5,"endElement":2,"pointerAtEnding":true},{"type":"element","name":"arrow-1-2","elementType":"ARROW","id":11,"pointerAtBeginning":false,"dashEnabled":false,"startElement":1,"endElement":2,"pointerAtEnding":true},{"type":"element","name":"arrow-2-3","elementType":"ARROW","id":12,"pointerAtBeginning":false,"dashEnabled":false,"startElement":2,"endElement":3,"pointerAtEnding":true},{"type":"element","name":"arrow-7-4","elementType":"ARROW","id":13,"pointerAtBeginning":false,"dashEnabled":false,"startElement":7,"endElement":4,"pointerAtEnding":true},{"type":"element","name":"arrow-7-5","elementType":"ARROW","id":14,"pointerAtBeginning":false,"dashEnabled":false,"startElement":7,"endElement":5,"pointerAtEnding":true},{"type":"element","name":"arrow-4-5","elementType":"ARROW","id":15,"pointerAtBeginning":false,"dashEnabled":false,"startElement":4,"endElement":5,"pointerAtEnding":true},{"type":"element","name":"arrow-8-7","elementType":"ARROW","id":16,"pointerAtBeginning":false,"dashEnabled":false,"startElement":8,"endElement":7,"pointerAtEnding":true},{"type":"element","name":"arrow-6-7","elementType":"ARROW","id":17,"pointerAtBeginning":false,"dashEnabled":false,"startElement":6,"endElement":7,"pointerAtEnding":true},{"type":"attribute","name":"const_dis","element":0,"val":115.00000000011073},{"type":"attribute","name":"randkfweiloksam","element":0,"val":83.99999999965381},{"type":"attribute","name":"randix3axilc3c","element":0,"val":124.57144165032636},{"type":"attribute","name":"randibods13tbjd","element":0,"val":52.57143020632953},{"type":"equation","equation":"x_1  =randkfweiloksam_0  "},{"type":"equation","equation":"y_1  =randix3axilc3c_0  "},{"type":"equation","equation":"x_2  =x_1 + const_dis_0"},{"type":"equation","equation":"y_2  =y_1  "},{"type":"equation","equation":"x_3  =x_2  "},{"type":"equation","equation":"y_3  =randibods13tbjd_0  "},{"type":"equation","equation":"x_4  =x_3  "},{"type":"equation","equation":"y_4 - y_2=y_2 - y_3"},{"type":"equation","equation":"x_5  =x_1  "},{"type":"equation","equation":"y_5  =y_4  "},{"type":"equation","equation":"x_6  =x_5  "},{"type":"equation","equation":"y_6 - y_5=y_5 - y_2"},{"type":"equation","equation":"x_7  =x_4  "},{"type":"equation","equation":"y_7  =y_6  "},{"type":"equation","equation":"x_8  =x_7  "},{"type":"equation","equation":"y_8 - y_7=y_7 - y_5"}]