[{"type":"element","name":"1","elementType":"CIRCLE","id":1,"x":124.00001525877873,"y":111.4285736083991,"shape":"","w":10,"h":10,"color":"grey","lightness":900,"text":""},{"type":"element","name":"2","elementType":"CIRCLE","id":2,"x":177.7142944335487,"y":73.71428680433809,"shape":"","w":10,"h":10,"color":"grey","lightness":900,"text":""},{"type":"element","name":"3","elementType":"CIRCLE","id":3,"x":296.00000000004974,"y":73.71428680426057,"shape":"","w":10,"h":10,"color":"grey","lightness":900,"text":""},{"type":"element","name":"4","elementType":"CIRCLE","id":4,"x":242.28572082529834,"y":111.42857360839317,"shape":"","w":10,"h":10,"color":"grey","lightness":900,"text":""},{"type":"element","name":"5","elementType":"CIRCLE","id":5,"x":124.00001525876382,"y":231.71429443359756,"shape":"","w":10,"h":10,"color":"grey","lightness":900,"text":""},{"type":"element","name":"6","elementType":"CIRCLE","id":6,"x":242.2857208252384,"y":229.7142791748946,"shape":"","w":10,"h":10,"color":"grey","lightness":900,"text":""},{"type":"element","name":"7","elementType":"CIRCLE","id":7,"x":177.7142944335006,"y":191.9999923707876,"shape":"","w":10,"h":10,"color":"grey","lightness":900,"text":""},{"type":"element","name":"8","elementType":"CIRCLE","id":8,"x":295.99999999998573,"y":191.9999923707957,"shape":"","w":10,"h":10,"color":"grey","lightness":900,"text":""},{"type":"element","name":"9","elementType":"CIRCLE","id":9,"x":210.00000762939365,"y":151.71428298961635,"shape":"","w":10,"h":10,"color":"red","lightness":900,"text":""},{"type":"element","name":"arrow-1-2","elementType":"ARROW","id":10,"pointerAtBeginning":false,"dashEnabled":false,"startElement":1,"endElement":2,"pointerAtEnding":false},{"type":"element","name":"arrow-2-3","elementType":"ARROW","id":11,"pointerAtBeginning":false,"dashEnabled":false,"startElement":2,"endElement":3,"pointerAtEnding":false},{"type":"element","name":"arrow-1-4","elementType":"ARROW","id":12,"pointerAtBeginning":false,"dashEnabled":false,"startElement":1,"endElement":4,"pointerAtEnding":false},{"type":"element","name":"arrow-4-3","elementType":"ARROW","id":13,"pointerAtBeginning":false,"dashEnabled":false,"startElement":4,"endElement":3,"pointerAtEnding":false},{"type":"element","name":"arrow-4-6","elementType":"ARROW","id":14,"pointerAtBeginning":false,"dashEnabled":false,"startElement":4,"endElement":6,"pointerAtEnding":false},{"type":"element","name":"arrow-6-8","elementType":"ARROW","id":15,"pointerAtBeginning":false,"dashEnabled":false,"startElement":6,"endElement":8,"pointerAtEnding":false},{"type":"element","name":"arrow-8-3","elementType":"ARROW","id":16,"pointerAtBeginning":false,"dashEnabled":false,"startElement":8,"endElement":3,"pointerAtEnding":false},{"type":"element","name":"arrow-5-6","elementType":"ARROW","id":17,"pointerAtBeginning":false,"dashEnabled":false,"startElement":5,"endElement":6,"pointerAtEnding":false},{"type":"element","name":"arrow-5-1","elementType":"ARROW","id":18,"pointerAtBeginning":false,"dashEnabled":false,"startElement":5,"endElement":1,"pointerAtEnding":false},{"type":"element","name":"arrow-5-7","elementType":"ARROW","id":19,"pointerAtBeginning":false,"dashEnabled":true,"startElement":5,"endElement":7,"pointerAtEnding":false},{"type":"element","name":"arrow-7-2","elementType":"ARROW","id":20,"pointerAtBeginning":false,"dashEnabled":true,"startElement":7,"endElement":2,"pointerAtEnding":false},{"type":"element","name":"arrow-7-8","elementType":"ARROW","id":21,"pointerAtBeginning":false,"dashEnabled":true,"startElement":7,"endElement":8,"pointerAtEnding":false},{"type":"element","name":"arrow-2-6","elementType":"ARROW","id":22,"pointerAtBeginning":false,"dashEnabled":true,"startElement":2,"endElement":6,"pointerAtEnding":false},{"type":"element","name":"arrow-1-8","elementType":"ARROW","id":23,"pointerAtBeginning":false,"dashEnabled":true,"startElement":1,"endElement":8,"pointerAtEnding":false},{"type":"element","name":"arrow-5-3","elementType":"ARROW","id":24,"pointerAtBeginning":false,"dashEnabled":true,"startElement":5,"endElement":3,"pointerAtEnding":false},{"type":"attribute","name":"const_dis","element":0,"val":65},{"type":"attribute","name":"randf0ws74l7qa","element":0,"val":124.00001525877565},{"type":"attribute","name":"randtorr1a69zz","element":0,"val":111.42857360840125},{"type":"attribute","name":"randcskonzvykff","element":0,"val":177.7142944335061},{"type":"attribute","name":"randmc2csqc321","element":0,"val":73.714286804029},{"type":"attribute","name":"randnecr2jqqgk","element":0,"val":295.9999999998121},{"type":"attribute","name":"rand8i5hvb2j5fj","element":0,"val":111.42857360839866},{"type":"attribute","name":"rand2d1c1tae0mb","element":0,"val":231.71429443359747},{"type":"equation","equation":"x_1  =randf0ws74l7qa_0  "},{"type":"equation","equation":"y_1  =randtorr1a69zz_0  "},{"type":"equation","equation":"x_2  =randcskonzvykff_0  "},{"type":"equation","equation":"y_2  =randmc2csqc321_0  "},{"type":"equation","equation":"y_3  =y_2  "},{"type":"equation","equation":"x_3  =randnecr2jqqgk_0  "},{"type":"equation","equation":"x_4 - x_3=x_1 - x_2"},{"type":"equation","equation":"y_4  =rand8i5hvb2j5fj_0  "},{"type":"equation","equation":"y_1  =y_4  "},{"type":"equation","equation":"x_1 - x_4=x_2 - x_3"},{"type":"equation","equation":"x_5  =x_1  "},{"type":"equation","equation":"y_5  =rand2d1c1tae0mb_0  "},{"type":"equation","equation":"x_6  =x_4  "},{"type":"equation","equation":"x_5 - x_6=y_4 - y_6"},{"type":"equation","equation":"y_7 - y_6=y_3 - y_4"},{"type":"equation","equation":"x_7 - x_7=x_3 - x_8"},{"type":"equation","equation":"x_2  =x_7  "},{"type":"equation","equation":"y_7  =y_8  "},{"type":"equation","equation":"x_2 - x_9=x_9 - x_6"},{"type":"equation","equation":"y_2 - y_9=y_9 - y_6"}]