[{"type":"element","name":"1","elementType":"RECTANGLE","id":1,"x":104.00001525897298,"y":119.71430206291905,"shape":"","w":40,"h":40,"color":"green","lightness":400,"text":""},{"type":"element","name":"2","elementType":"RECTANGLE","id":2,"x":144.0000152587598,"y":119.71430206297191,"shape":"","w":40,"h":40,"color":"green","lightness":400,"text":""},{"type":"element","name":"3","elementType":"RECTANGLE","id":3,"x":184.00001525851252,"y":119.714302062857,"shape":"","w":40,"h":40,"color":"red","lightness":400,"text":""},{"type":"element","name":"4","elementType":"RECTANGLE","id":4,"x":224.00001525818604,"y":119.71430206302733,"shape":"","w":40,"h":40,"color":"green","lightness":400,"text":""},{"type":"element","name":"5","elementType":"RECTANGLE","id":5,"x":264.0000152578131,"y":119.71430206306793,"shape":"","w":40,"h":40,"color":"green","lightness":400,"text":""},{"type":"element","name":"6","elementType":"RECTANGLE","id":6,"x":304.0000152574242,"y":119.71430206307723,"shape":"","w":40,"h":40,"color":"red","lightness":400,"text":""},{"type":"element","name":"7","elementType":"RECTANGLE","id":7,"x":104.0000152589187,"y":209.4285736083956,"shape":"","w":40,"h":40,"color":"green","lightness":400,"text":"1"},{"type":"element","name":"8","elementType":"RECTANGLE","id":8,"x":144.00001525870107,"y":209.42857360839565,"shape":"","w":40,"h":40,"color":"red","lightness":400,"text":""},{"type":"element","name":"9","elementType":"RECTANGLE","id":9,"x":184.00001525851746,"y":209.42857360839554,"shape":"","w":40,"h":40,"color":"red","lightness":400,"text":""},{"type":"element","name":"10","elementType":"RECTANGLE","id":10,"x":224.0000152583052,"y":209.42857360839898,"shape":"","w":40,"h":40,"color":"red","lightness":400,"text":""},{"type":"element","name":"11","elementType":"RECTANGLE","id":11,"x":264.00001525807033,"y":209.42857360840154,"shape":"","w":40,"h":40,"color":"red","lightness":400,"text":""},{"type":"element","name":"12","elementType":"RECTANGLE","id":12,"x":304.00001525784154,"y":209.42857360842137,"shape":"","w":40,"h":40,"color":"red","lightness":400,"text":""},{"type":"element","name":"13","elementType":"RECTANGLE","id":13,"x":104.00001525884697,"y":249.42857360821165,"shape":"","w":40,"h":40,"color":"blue","lightness":400,"text":"0"},{"type":"element","name":"14","elementType":"RECTANGLE","id":14,"x":144.0000152586638,"y":249.42857360822907,"shape":"","w":40,"h":40,"color":"green","lightness":400,"text":"1"},{"type":"element","name":"15","elementType":"RECTANGLE","id":15,"x":184.00001525846486,"y":249.42857360823308,"shape":"","w":40,"h":40,"color":"red","lightness":400,"text":""},{"type":"element","name":"16","elementType":"RECTANGLE","id":16,"x":224.00001525825343,"y":249.42857360823945,"shape":"","w":40,"h":40,"color":"red","lightness":400,"text":""},{"type":"element","name":"17","elementType":"RECTANGLE","id":17,"x":264.0000152580802,"y":249.4285736082435,"shape":"","w":40,"h":40,"color":"red","lightness":400,"text":""},{"type":"element","name":"18","elementType":"RECTANGLE","id":18,"x":304.00001525790674,"y":249.42857360824718,"shape":"","w":40,"h":40,"color":"red","lightness":400,"text":""},{"type":"element","name":"19","elementType":"RECTANGLE","id":19,"x":104.00001525885953,"y":289.4285736080812,"shape":"","w":40,"h":40,"color":"blue","lightness":400,"text":"0"},{"type":"element","name":"20","elementType":"RECTANGLE","id":20,"x":144.00001525869882,"y":289.42857360808495,"shape":"","w":40,"h":40,"color":"blue","lightness":400,"text":"0"},{"type":"element","name":"21","elementType":"RECTANGLE","id":21,"x":184.00001525853955,"y":289.42857360809063,"shape":"","w":40,"h":40,"color":"blue","lightness":400,"text":"0"},{"type":"element","name":"22","elementType":"RECTANGLE","id":22,"x":224.0000152583913,"y":289.4285736080939,"shape":"","w":40,"h":40,"color":"green","lightness":400,"text":"1"},{"type":"element","name":"23","elementType":"RECTANGLE","id":23,"x":264.00001525824905,"y":289.42857360809785,"shape":"","w":40,"h":40,"color":"red","lightness":400,"text":""},{"type":"element","name":"24","elementType":"RECTANGLE","id":24,"x":304.000015258108,"y":289.42857360810245,"shape":"","w":40,"h":40,"color":"red","lightness":400,"text":""},{"type":"element","name":"25","elementType":"RECTANGLE","id":25,"x":104.0000152588547,"y":329.42857360795705,"shape":"","w":40,"h":40,"color":"blue","lightness":400,"text":"0"},{"type":"element","name":"26","elementType":"RECTANGLE","id":26,"x":144.00001525869874,"y":329.42857360796,"shape":"","w":40,"h":40,"color":"blue","lightness":400,"text":"0"},{"type":"element","name":"27","elementType":"RECTANGLE","id":27,"x":184.00001525853637,"y":329.4285736079629,"shape":"","w":40,"h":40,"color":"blue","lightness":400,"text":"0"},{"type":"element","name":"28","elementType":"RECTANGLE","id":28,"x":224.00001525837047,"y":329.42857360796387,"shape":"","w":40,"h":40,"color":"blue","lightness":400,"text":"0"},{"type":"element","name":"29","elementType":"RECTANGLE","id":29,"x":264.0000152582045,"y":329.42857360796523,"shape":"","w":40,"h":40,"color":"green","lightness":400,"text":"1"},{"type":"element","name":"30","elementType":"RECTANGLE","id":30,"x":304.000015258039,"y":329.4285736079652,"shape":"","w":40,"h":40,"color":"red","lightness":400,"text":""},{"type":"element","name":"arrow-7-1","elementType":"ARROW","id":31,"pointerAtBeginning":false,"dashEnabled":true,"startElement":7,"endElement":1,"pointerAtEnding":true},{"type":"element","name":"arrow-14-2","elementType":"ARROW","id":32,"pointerAtBeginning":false,"dashEnabled":true,"startElement":14,"endElement":2,"pointerAtEnding":true},{"type":"element","name":"arrow-22-4","elementType":"ARROW","id":33,"pointerAtBeginning":false,"dashEnabled":true,"startElement":22,"endElement":4,"pointerAtEnding":true},{"type":"element","name":"arrow-29-5","elementType":"ARROW","id":34,"pointerAtBeginning":false,"dashEnabled":true,"startElement":29,"endElement":5,"pointerAtEnding":true},{"type":"attribute","name":"const_dis","element":0,"val":39.99999999980589},{"type":"attribute","name":"randiqh14h63hzd","element":0,"val":104.00001525899911},{"type":"attribute","name":"randroqogi7ofq","element":0,"val":119.71430206290438},{"type":"attribute","name":"randcwbph34tge8","element":0,"val":209.42857360839537},{"type":"equation","equation":"x_1  =randiqh14h63hzd_0  "},{"type":"equation","equation":"y_1  =randroqogi7ofq_0  "},{"type":"equation","equation":"x_2  =x_1 + const_dis_0"},{"type":"equation","equation":"y_2  =y_1  "},{"type":"equation","equation":"x_3 - x_2=x_2 - x_1"},{"type":"equation","equation":"y_3  =y_2  "},{"type":"equation","equation":"x_4 - x_3=x_3 - x_2"},{"type":"equation","equation":"y_4  =y_3  "},{"type":"equation","equation":"x_3 - x_4=x_4 - x_5"},{"type":"equation","equation":"y_5  =y_4  "},{"type":"equation","equation":"x_4 - x_5=x_5 - x_6"},{"type":"equation","equation":"y_6  =y_5  "},{"type":"equation","equation":"x_6 - x_6=x_1 - x_7"},{"type":"equation","equation":"y_7  =randcwbph34tge8_0  "},{"type":"equation","equation":"x_8  =x_2  "},{"type":"equation","equation":"y_8  =randcwbph34tge8_0  "},{"type":"equation","equation":"x_9 - x_8=x_8 - x_7"},{"type":"equation","equation":"y_9  =y_8  "},{"type":"equation","equation":"x_10 - x_9=x_9 - x_8"},{"type":"equation","equation":"y_10  =y_9  "},{"type":"equation","equation":"x_11 - x_10=x_10 - x_9"},{"type":"equation","equation":"y_11  =y_10  "},{"type":"equation","equation":"x_12 - x_11=x_11 - x_10"},{"type":"equation","equation":"y_12  =y_11  "},{"type":"equation","equation":"x_12 - x_12=x_7 - x_13"},{"type":"equation","equation":"y_13 - y_12=x_12 - x_11"},{"type":"equation","equation":"x_14 - x_13=y_13 - y_12"},{"type":"equation","equation":"y_14  =y_13  "},{"type":"equation","equation":"x_15 - x_14=x_14 - x_13"},{"type":"equation","equation":"y_15  =y_14  "},{"type":"equation","equation":"x_16 - x_15=x_15 - x_14"},{"type":"equation","equation":"y_16  =y_15  "},{"type":"equation","equation":"x_17 - x_16=x_16 - x_15"},{"type":"equation","equation":"y_17  =y_16  "},{"type":"equation","equation":"x_18 - x_17=x_17 - x_16"},{"type":"equation","equation":"y_18  =y_17  "},{"type":"equation","equation":"x_18 - x_18=x_13 - x_19"},{"type":"equation","equation":"x_17 - x_18=y_18 - y_19"},{"type":"equation","equation":"x_20 - x_19=y_19 - y_18"},{"type":"equation","equation":"y_20  =y_19  "},{"type":"equation","equation":"x_21 - x_20=x_20 - x_19"},{"type":"equation","equation":"y_21  =y_20  "},{"type":"equation","equation":"x_22 - x_21=x_21 - x_20"},{"type":"equation","equation":"y_22  =y_21  "},{"type":"equation","equation":"x_23 - x_22=x_22 - x_21"},{"type":"equation","equation":"y_23  =y_22  "},{"type":"equation","equation":"x_24 - x_23=x_23 - x_22"},{"type":"equation","equation":"y_24  =y_23  "},{"type":"equation","equation":"x_24 - x_24=x_19 - x_25"},{"type":"equation","equation":"x_23 - x_24=y_24 - y_25"},{"type":"equation","equation":"x_26 - x_25=y_25 - y_24"},{"type":"equation","equation":"y_26  =y_25  "},{"type":"equation","equation":"x_27 - x_26=x_26 - x_25"},{"type":"equation","equation":"y_27  =y_26  "},{"type":"equation","equation":"x_28 - x_27=x_27 - x_26"},{"type":"equation","equation":"y_28  =y_27  "},{"type":"equation","equation":"x_29 - x_28=x_28 - x_27"},{"type":"equation","equation":"y_29  =y_28  "},{"type":"equation","equation":"x_30 - x_29=x_29 - x_28"},{"type":"equation","equation":"y_30  =y_29  "}]