[{"type":"element","name":"1","elementType":"CIRCLE","id":1,"x":106.28572477425325,"y":118.00001544861219,"shape":"","w":60,"h":60,"color":"green","lightness":400,"text":"明暗"},{"type":"element","name":"2","elementType":"CIRCLE","id":2,"x":270.28565509904774,"y":118.00001546490161,"shape":"","w":60,"h":60,"color":"green","lightness":400,"text":"明暗"},{"type":"element","name":"3","elementType":"CIRCLE","id":3,"x":41.285724893715376,"y":281.99994579597603,"shape":"","w":60,"h":60,"color":"green","lightness":300,"text":"明"},{"type":"element","name":"4","elementType":"CIRCLE","id":4,"x":171.28572464999905,"y":281.9999457839278,"shape":"","w":60,"h":60,"color":"green","lightness":500,"text":"暗"},{"type":"element","name":"5","elementType":"CIRCLE","id":5,"x":236.28572453091851,"y":281.99994578433746,"shape":"","w":60,"h":60,"color":"green","lightness":300,"text":"明"},{"type":"element","name":"6","elementType":"CIRCLE","id":6,"x":366.2857242901188,"y":281.99994577194786,"shape":"","w":60,"h":60,"color":"green","lightness":500,"text":"暗"},{"type":"element","name":"7","elementType":"CIRCLE","id":7,"x":41.28572489371269,"y":378.0000149622719,"shape":"","w":60,"h":60,"color":"green","lightness":300,"text":"明明"},{"type":"element","name":"8","elementType":"CIRCLE","id":8,"x":171.28572464374986,"y":378.00001496164174,"shape":"","w":60,"h":60,"color":"green","lightness":400,"text":"明暗"},{"type":"element","name":"9","elementType":"CIRCLE","id":9,"x":236.28572453255595,"y":378.0000149538272,"shape":"","w":60,"h":60,"color":"green","lightness":400,"text":"明暗"},{"type":"element","name":"10","elementType":"CIRCLE","id":10,"x":366.2857242946109,"y":378.000014952923,"shape":"","w":60,"h":60,"color":"green","lightness":500,"text":"暗暗"},{"type":"element","name":"arrow-1-3","elementType":"ARROW","id":11,"pointerAtBeginning":false,"dashEnabled":false,"startElement":1,"endElement":3,"pointerAtEnding":true},{"type":"element","name":"arrow-1-4","elementType":"ARROW","id":12,"pointerAtBeginning":false,"dashEnabled":false,"startElement":1,"endElement":4,"pointerAtEnding":true},{"type":"element","name":"arrow-2-5","elementType":"ARROW","id":13,"pointerAtBeginning":false,"dashEnabled":false,"startElement":2,"endElement":5,"pointerAtEnding":true},{"type":"element","name":"arrow-2-6","elementType":"ARROW","id":14,"pointerAtBeginning":false,"dashEnabled":false,"startElement":2,"endElement":6,"pointerAtEnding":true},{"type":"element","name":"arrow-3-7","elementType":"ARROW","id":15,"pointerAtBeginning":false,"dashEnabled":false,"startElement":3,"endElement":7,"pointerAtEnding":true},{"type":"element","name":"arrow-5-7","elementType":"ARROW","id":16,"pointerAtBeginning":false,"dashEnabled":false,"startElement":5,"endElement":7,"pointerAtEnding":true},{"type":"element","name":"arrow-3-8","elementType":"ARROW","id":17,"pointerAtBeginning":false,"dashEnabled":false,"startElement":3,"endElement":8,"pointerAtEnding":true},{"type":"element","name":"arrow-4-9","elementType":"ARROW","id":18,"pointerAtBeginning":false,"dashEnabled":false,"startElement":4,"endElement":9,"pointerAtEnding":true},{"type":"element","name":"arrow-5-9","elementType":"ARROW","id":19,"pointerAtBeginning":false,"dashEnabled":false,"startElement":5,"endElement":9,"pointerAtEnding":true},{"type":"element","name":"arrow-6-8","elementType":"ARROW","id":20,"pointerAtBeginning":false,"dashEnabled":false,"startElement":6,"endElement":8,"pointerAtEnding":true},{"type":"element","name":"arrow-4-10","elementType":"ARROW","id":21,"pointerAtBeginning":false,"dashEnabled":false,"startElement":4,"endElement":10,"pointerAtEnding":true},{"type":"element","name":"arrow-6-10","elementType":"ARROW","id":22,"pointerAtBeginning":false,"dashEnabled":false,"startElement":6,"endElement":10,"pointerAtEnding":true},{"type":"attribute","name":"const_dis","element":0,"val":64.99999988055531},{"type":"attribute","name":"rand6mii2ckjelv","element":0,"val":106.28572479786492},{"type":"attribute","name":"randiiskkjmzirm","element":0,"val":118.00001546941004},{"type":"attribute","name":"randhy9yevp3wma","element":0,"val":270.2856550896163},{"type":"equation","equation":"x_1  =rand6mii2ckjelv_0  "},{"type":"equation","equation":"y_1  =randiiskkjmzirm_0  "},{"type":"equation","equation":"y_2  =y_1  "},{"type":"equation","equation":"x_2  =randhy9yevp3wma_0  "},{"type":"equation","equation":"x_3  =x_1 - const_dis_0"},{"type":"equation","equation":"y_3 - y_2=x_2 - x_1"},{"type":"equation","equation":"x_4 - x_1=x_1 - x_3"},{"type":"equation","equation":"y_4  =y_3  "},{"type":"equation","equation":"x_5 - x_4=x_4 - x_1"},{"type":"equation","equation":"y_5  =y_4  "},{"type":"equation","equation":"x_1 - x_5=x_5 - x_6"},{"type":"equation","equation":"y_5  =y_6  "},{"type":"equation","equation":"x_6 - x_6=x_3 - x_7"},{"type":"equation","equation":"y_6 - y_7=x_2 - x_6"},{"type":"equation","equation":"x_8  =x_4  "},{"type":"equation","equation":"y_8  =y_7  "},{"type":"equation","equation":"x_9  =x_5  "},{"type":"equation","equation":"y_9  =y_8  "},{"type":"equation","equation":"x_10  =x_6  "},{"type":"equation","equation":"y_10  =y_9  "}]