[{"type":"element","name":"1","elementType":"RECTANGLE","id":1,"x":98.00001525834732,"y":274.28573608394527,"shape":"","color":"purple","w":100,"h":30,"lightness":200,"text":"输入编码"},{"type":"element","name":"2","elementType":"RECTANGLE","id":2,"x":213.00001525829606,"y":274.2857360838761,"shape":"","color":"grey","w":100,"h":30,"lightness":400,"text":"合并"},{"type":"element","name":"3","elementType":"RECTANGLE","id":3,"x":213.00001525834972,"y":331.71429443365685,"shape":"","color":"purple","w":100,"h":30,"lightness":200,"text":"坐标编码"},{"type":"element","name":"4","elementType":"RECTANGLE","id":4,"x":98.00001525847226,"y":216.85717773427493,"shape":"","color":"yellow","w":100,"h":30,"lightness":200,"text":"叠加与归一化"},{"type":"element","name":"5","elementType":"RECTANGLE","id":5,"x":213.00001525832366,"y":216.85717773422346,"shape":"","color":"orange","w":100,"h":30,"lightness":400,"text":"多头注意力"},{"type":"element","name":"6","elementType":"RECTANGLE","id":6,"x":213.0000152583189,"y":159.4286193845302,"shape":"","color":"yellow","w":100,"h":30,"lightness":200,"text":"叠加与归一化"},{"type":"element","name":"7","elementType":"RECTANGLE","id":7,"x":98.00001525855932,"y":159.42861938451688,"shape":"","color":"blue","w":100,"h":30,"lightness":200,"text":"前馈网络"},{"type":"element","name":"8","elementType":"RECTANGLE","id":8,"x":213.00001525831885,"y":102.00006103481049,"shape":"","color":"green","w":100,"h":30,"lightness":200,"text":"编码器输出"},{"type":"element","name":"arrow-3-2","elementType":"ARROW","id":9,"pointerAtBeginning":false,"dashEnabled":false,"startElement":3,"endElement":2,"pointerAtEnding":true},{"type":"element","name":"arrow-1-2","elementType":"ARROW","id":10,"pointerAtBeginning":false,"dashEnabled":false,"startElement":1,"endElement":2,"pointerAtEnding":true},{"type":"element","name":"arrow-2-4","elementType":"ARROW","id":11,"pointerAtBeginning":false,"dashEnabled":false,"startElement":2,"endElement":4,"pointerAtEnding":true},{"type":"element","name":"arrow-5-4","elementType":"ARROW","id":12,"pointerAtBeginning":false,"dashEnabled":false,"startElement":5,"endElement":4,"pointerAtEnding":true},{"type":"element","name":"arrow-4-7","elementType":"ARROW","id":13,"pointerAtBeginning":false,"dashEnabled":false,"startElement":4,"endElement":7,"pointerAtEnding":true},{"type":"element","name":"arrow-4-6","elementType":"ARROW","id":14,"pointerAtBeginning":false,"dashEnabled":false,"startElement":4,"endElement":6,"pointerAtEnding":true},{"type":"element","name":"arrow-7-6","elementType":"ARROW","id":15,"pointerAtBeginning":false,"dashEnabled":false,"startElement":7,"endElement":6,"pointerAtEnding":true},{"type":"element","name":"arrow-6-8","elementType":"ARROW","id":16,"pointerAtBeginning":false,"dashEnabled":false,"startElement":6,"endElement":8,"pointerAtEnding":true},{"type":"element","name":"arrow-2-5","elementType":"ARROW","id":17,"pointerAtBeginning":false,"dashEnabled":false,"startElement":2,"endElement":5,"pointerAtEnding":true},{"type":"attribute","name":"const_dis","element":0,"val":114.99999999991573},{"type":"attribute","name":"rand4eiigt6tvjm","element":0,"val":98.0000152582045},{"type":"attribute","name":"rand7pe3qnk5u4t","element":0,"val":274.28573608387165},{"type":"attribute","name":"randrqvh5phhj2","element":0,"val":331.71429443369817},{"type":"equation","equation":"x_1  =rand4eiigt6tvjm_0  "},{"type":"equation","equation":"y_1  =rand7pe3qnk5u4t_0  "},{"type":"equation","equation":"x_2  =x_1 + const_dis_0"},{"type":"equation","equation":"y_2  =y_1  "},{"type":"equation","equation":"x_3  =x_2  "},{"type":"equation","equation":"y_3  =randrqvh5phhj2_0  "},{"type":"equation","equation":"x_4  =x_1  "},{"type":"equation","equation":"y_4 - y_2=y_2 - y_3"},{"type":"equation","equation":"x_5  =x_3  "},{"type":"equation","equation":"y_5  =y_4  "},{"type":"equation","equation":"x_6  =x_5  "},{"type":"equation","equation":"y_6 - y_5=y_5 - y_2"},{"type":"equation","equation":"x_7  =x_4  "},{"type":"equation","equation":"y_7  =y_6  "},{"type":"equation","equation":"x_8  =x_6  "},{"type":"equation","equation":"y_8 - y_7=y_7 - y_5"}]