[{"type":"element","name":"1","elementType":"CIRCLE","id":1,"x":111.14286041207693,"y":288.0000000000255,"shape":"","w":10,"h":10,"color":"grey","lightness":900,"text":""},{"type":"element","name":"2","elementType":"CIRCLE","id":2,"x":249.42860412602315,"y":288.0000000000031,"shape":"","w":10,"h":10,"color":"grey","lightness":900,"text":""},{"type":"element","name":"3","elementType":"CIRCLE","id":3,"x":146.00000000001765,"y":222.99999999999318,"shape":"","w":10,"h":10,"color":"grey","lightness":900,"text":""},{"type":"element","name":"4","elementType":"CIRCLE","id":4,"x":284.2857437141139,"y":223.00000000000588,"shape":"","w":10,"h":10,"color":"grey","lightness":900,"text":""},{"type":"element","name":"5","elementType":"CIRCLE","id":5,"x":111.1428604120698,"y":158.00000000002376,"shape":"","w":10,"h":10,"color":"grey","lightness":900,"text":""},{"type":"element","name":"6","elementType":"CIRCLE","id":6,"x":249.42860412603028,"y":158.00000000000432,"shape":"","w":10,"h":10,"color":"grey","lightness":900,"text":""},{"type":"element","name":"7","elementType":"CIRCLE","id":7,"x":146.0000000000507,"y":92.99999999999436,"shape":"","w":10,"h":10,"color":"grey","lightness":900,"text":""},{"type":"element","name":"8","elementType":"CIRCLE","id":8,"x":284.2857437140182,"y":92.99999999999585,"shape":"","w":10,"h":10,"color":"grey","lightness":900,"text":""},{"type":"element","name":"arrow-1-2","elementType":"ARROW","id":9,"pointerAtBeginning":false,"dashEnabled":false,"startElement":1,"endElement":2,"pointerAtEnding":false},{"type":"element","name":"arrow-1-5","elementType":"ARROW","id":10,"pointerAtBeginning":false,"dashEnabled":false,"startElement":1,"endElement":5,"pointerAtEnding":false},{"type":"element","name":"arrow-5-6","elementType":"ARROW","id":11,"pointerAtBeginning":false,"dashEnabled":false,"startElement":5,"endElement":6,"pointerAtEnding":false},{"type":"element","name":"arrow-6-2","elementType":"ARROW","id":12,"pointerAtBeginning":false,"dashEnabled":false,"startElement":6,"endElement":2,"pointerAtEnding":false},{"type":"element","name":"arrow-5-7","elementType":"ARROW","id":13,"pointerAtBeginning":false,"dashEnabled":false,"startElement":5,"endElement":7,"pointerAtEnding":false},{"type":"element","name":"arrow-7-8","elementType":"ARROW","id":14,"pointerAtBeginning":false,"dashEnabled":false,"startElement":7,"endElement":8,"pointerAtEnding":false},{"type":"element","name":"arrow-6-8","elementType":"ARROW","id":15,"pointerAtBeginning":false,"dashEnabled":false,"startElement":6,"endElement":8,"pointerAtEnding":false},{"type":"element","name":"arrow-8-4","elementType":"ARROW","id":16,"pointerAtBeginning":false,"dashEnabled":false,"startElement":8,"endElement":4,"pointerAtEnding":false},{"type":"element","name":"arrow-4-2","elementType":"ARROW","id":17,"pointerAtBeginning":false,"dashEnabled":false,"startElement":4,"endElement":2,"pointerAtEnding":false},{"type":"element","name":"arrow-4-3","elementType":"ARROW","id":18,"pointerAtBeginning":false,"dashEnabled":true,"startElement":4,"endElement":3,"pointerAtEnding":false},{"type":"element","name":"arrow-3-1","elementType":"ARROW","id":19,"pointerAtBeginning":false,"dashEnabled":true,"startElement":3,"endElement":1,"pointerAtEnding":false},{"type":"element","name":"arrow-3-7","elementType":"ARROW","id":20,"pointerAtBeginning":false,"dashEnabled":true,"startElement":3,"endElement":7,"pointerAtEnding":false},{"type":"element","name":"arrow-7-2","elementType":"ARROW","id":21,"pointerAtBeginning":false,"dashEnabled":true,"startElement":7,"endElement":2,"pointerAtEnding":false},{"type":"element","name":"arrow-1-8","elementType":"ARROW","id":22,"pointerAtBeginning":false,"dashEnabled":true,"startElement":1,"endElement":8,"pointerAtEnding":false},{"type":"element","name":"arrow-5-4","elementType":"ARROW","id":23,"pointerAtBeginning":false,"dashEnabled":true,"startElement":5,"endElement":4,"pointerAtEnding":false},{"type":"element","name":"24","elementType":"CIRCLE","id":24,"x":197.71430206304748,"y":190.5000000000107,"shape":"","w":10,"h":10,"color":"red","lightness":900,"text":""},{"type":"attribute","name":"const_dis","element":0,"val":65.00000000000975},{"type":"attribute","name":"rando6flrba80br","element":0,"val":111.1428604120668},{"type":"attribute","name":"randkejfw4h0pp","element":0,"val":288.00000000007844},{"type":"attribute","name":"rand1ef7gtmx2x4","element":0,"val":249.4286041260321},{"type":"attribute","name":"rand0id29orey32s","element":0,"val":146.00000000002802},{"type":"attribute","name":"rand7eft3m11l77","element":0,"val":93.00000000000473},{"type":"equation","equation":"x_1  =rando6flrba80br_0  "},{"type":"equation","equation":"y_1  =randkejfw4h0pp_0  "},{"type":"equation","equation":"y_2  =y_1  "},{"type":"equation","equation":"x_2  =rand1ef7gtmx2x4_0  "},{"type":"equation","equation":"y_3  =y_2 - const_dis_0"},{"type":"equation","equation":"x_3  =rand0id29orey32s_0  "},{"type":"equation","equation":"x_4 - x_2=x_3 - x_1"},{"type":"equation","equation":"y_4  =y_3  "},{"type":"equation","equation":"x_5  =x_1  "},{"type":"equation","equation":"y_5 - y_4=y_4 - y_2"},{"type":"equation","equation":"x_6  =x_2  "},{"type":"equation","equation":"y_6  =y_5  "},{"type":"equation","equation":"x_1 - x_2=x_5 - x_6"},{"type":"equation","equation":"x_3 - x_4=x_1 - x_2"},{"type":"equation","equation":"x_7  =x_3  "},{"type":"equation","equation":"y_7  =rand7eft3m11l77_0  "},{"type":"equation","equation":"x_8 - x_6=x_7 - x_5"},{"type":"equation","equation":"y_4 - y_6=y_6 - y_8"},{"type":"equation","equation":"x_7 - x_8=x_1 - x_2"},{"type":"equation","equation":"y_2 - y_6=y_1 - y_5"},{"type":"equation","equation":"y_3 - y_7=y_1 - y_5"},{"type":"equation","equation":"y_2 - y_6=y_1 - y_5"},{"type":"equation","equation":"y_4 - y_8=y_1 - y_5"},{"type":"equation","equation":"x_1 - x_24=x_24 - x_8"},{"type":"equation","equation":"y_1 - y_24=y_24 - y_8"}]