[{"type":"element","name":"1","elementType":"RECTANGLE","id":1,"x":90.57144165012902,"y":278.2857360838444,"shape":"","color":"blue","w":40,"h":40,"lightness":400,"text":"0"},{"type":"element","name":"2","elementType":"RECTANGLE","id":2,"x":130.5714416497324,"y":278.2857360838341,"shape":"","color":"blue","w":40,"h":40,"lightness":400,"text":"0"},{"type":"element","name":"3","elementType":"RECTANGLE","id":3,"x":170.57144164933808,"y":278.2857360838336,"shape":"","color":"blue","w":40,"h":40,"lightness":400,"text":"0"},{"type":"element","name":"4","elementType":"RECTANGLE","id":4,"x":210.5714416490039,"y":278.28573608392117,"shape":"","color":"blue","w":40,"h":40,"lightness":400,"text":"0"},{"type":"element","name":"5","elementType":"RECTANGLE","id":5,"x":90.57144165007486,"y":238.28573608415022,"shape":"","color":"blue","w":40,"h":40,"lightness":400,"text":"0"},{"type":"element","name":"6","elementType":"RECTANGLE","id":6,"x":90.57144165014792,"y":198.28573608431327,"shape":"","color":"blue","w":40,"h":40,"lightness":400,"text":"0"},{"type":"element","name":"7","elementType":"RECTANGLE","id":7,"x":130.57144165000028,"y":238.28573608411335,"shape":"","color":"blue","w":40,"h":40,"lightness":400,"text":"0"},{"type":"element","name":"8","elementType":"RECTANGLE","id":8,"x":170.57144164984612,"y":238.28573608411097,"shape":"","color":"blue","w":40,"h":40,"lightness":400,"text":"0"},{"type":"element","name":"9","elementType":"RECTANGLE","id":9,"x":90.57144165024188,"y":158.28573608449932,"shape":"","color":"green","w":40,"h":40,"lightness":400,"text":"1"},{"type":"element","name":"10","elementType":"RECTANGLE","id":10,"x":130.57144165008924,"y":198.28573608429923,"shape":"","color":"green","w":40,"h":40,"lightness":400,"text":"1"},{"type":"element","name":"11","elementType":"RECTANGLE","id":11,"x":210.57144164969972,"y":238.28573608410514,"shape":"","color":"green","w":40,"h":40,"lightness":400,"text":"1"},{"type":"element","name":"12","elementType":"RECTANGLE","id":12,"x":250.57144164950802,"y":278.28573608393367,"shape":"","color":"green","w":40,"h":40,"lightness":400,"text":"1"},{"type":"element","name":"13","elementType":"RECTANGLE","id":13,"x":130.5714416501701,"y":158.28573608451256,"shape":"","color":"red","w":40,"h":40,"lightness":400,"text":""},{"type":"element","name":"14","elementType":"RECTANGLE","id":14,"x":170.57144164997243,"y":158.28573608450532,"shape":"","color":"red","w":40,"h":40,"lightness":400,"text":""},{"type":"element","name":"15","elementType":"RECTANGLE","id":15,"x":210.57144164978243,"y":158.28573608448704,"shape":"","color":"red","w":40,"h":40,"lightness":400,"text":""},{"type":"element","name":"16","elementType":"RECTANGLE","id":16,"x":250.5714416495968,"y":158.2857360844671,"shape":"","color":"red","w":40,"h":40,"lightness":400,"text":""},{"type":"element","name":"17","elementType":"RECTANGLE","id":17,"x":250.57144164958834,"y":198.2857360842946,"shape":"","color":"red","w":40,"h":40,"lightness":400,"text":""},{"type":"element","name":"18","elementType":"RECTANGLE","id":18,"x":290.5714416494479,"y":198.28573608427632,"shape":"","color":"red","w":40,"h":40,"lightness":400,"text":""},{"type":"element","name":"19","elementType":"RECTANGLE","id":19,"x":210.57144164970464,"y":198.28573608426177,"shape":"","color":"red","w":40,"h":40,"lightness":400,"text":""},{"type":"element","name":"20","elementType":"RECTANGLE","id":20,"x":170.57144164984533,"y":198.28573608424986,"shape":"","color":"red","w":40,"h":40,"lightness":400,"text":""},{"type":"element","name":"21","elementType":"RECTANGLE","id":21,"x":290.57144164946317,"y":158.28573608438057,"shape":"","color":"red","w":40,"h":40,"lightness":400,"text":""},{"type":"element","name":"22","elementType":"RECTANGLE","id":22,"x":290.5714416494724,"y":238.28573608413902,"shape":"","color":"red","w":40,"h":40,"lightness":400,"text":""},{"type":"element","name":"23","elementType":"RECTANGLE","id":23,"x":250.57144164958635,"y":238.28573608414823,"shape":"","color":"red","w":40,"h":40,"lightness":400,"text":""},{"type":"element","name":"24","elementType":"RECTANGLE","id":24,"x":290.57144164947846,"y":278.28573608403184,"shape":"","color":"red","w":40,"h":40,"lightness":400,"text":""},{"type":"element","name":"25","elementType":"RECTANGLE","id":25,"x":90.57144165034202,"y":78.28573608460792,"shape":"","color":"green","w":40,"h":40,"lightness":400,"text":""},{"type":"element","name":"26","elementType":"RECTANGLE","id":26,"x":130.57144164993133,"y":78.28573608460505,"shape":"","color":"green","w":40,"h":40,"lightness":400,"text":""},{"type":"element","name":"27","elementType":"RECTANGLE","id":27,"x":210.57144164941116,"y":78.28573608460377,"shape":"","color":"green","w":40,"h":40,"lightness":400,"text":""},{"type":"element","name":"28","elementType":"RECTANGLE","id":28,"x":250.57144164897124,"y":78.28573608460283,"shape":"","color":"green","w":40,"h":40,"lightness":400,"text":""},{"type":"element","name":"29","elementType":"RECTANGLE","id":29,"x":170.57144164985266,"y":78.28573608460266,"shape":"","color":"red","w":40,"h":40,"lightness":400,"text":""},{"type":"element","name":"30","elementType":"RECTANGLE","id":30,"x":290.5714416485292,"y":78.28573608460258,"shape":"","color":"red","w":40,"h":40,"lightness":400,"text":""},{"type":"element","name":"arrow-9-25","elementType":"ARROW","id":31,"pointerAtBeginning":false,"dashEnabled":true,"startElement":9,"endElement":25,"pointerAtEnding":true},{"type":"element","name":"arrow-10-26","elementType":"ARROW","id":32,"pointerAtBeginning":false,"dashEnabled":true,"startElement":10,"endElement":26,"pointerAtEnding":true},{"type":"element","name":"arrow-11-27","elementType":"ARROW","id":33,"pointerAtBeginning":false,"dashEnabled":true,"startElement":11,"endElement":27,"pointerAtEnding":true},{"type":"element","name":"arrow-12-28","elementType":"ARROW","id":34,"pointerAtBeginning":false,"dashEnabled":true,"startElement":12,"endElement":28,"pointerAtEnding":true},{"type":"attribute","name":"const_dis","element":0,"val":39.999999999610715},{"type":"attribute","name":"randmx498nsltjh","element":0,"val":90.57144165014732},{"type":"attribute","name":"randu1z1hcag6x9","element":0,"val":278.28573608398494},{"type":"equation","equation":"x_1  =randmx498nsltjh_0  "},{"type":"equation","equation":"y_1  =randu1z1hcag6x9_0  "},{"type":"equation","equation":"x_2  =x_1 + const_dis_0"},{"type":"equation","equation":"y_2  =y_1  "},{"type":"equation","equation":"x_3 - x_2=x_2 - x_1"},{"type":"equation","equation":"y_3  =y_2  "},{"type":"equation","equation":"x_4 - x_3=x_3 - x_2"},{"type":"equation","equation":"y_4  =y_3  "},{"type":"equation","equation":"x_5  =x_1  "},{"type":"equation","equation":"y_5 - y_4=x_3 - x_4"},{"type":"equation","equation":"x_6  =x_5  "},{"type":"equation","equation":"y_6 - y_5=y_5 - y_4"},{"type":"equation","equation":"x_7 - x_6=y_5 - y_6"},{"type":"equation","equation":"y_7  =y_5  "},{"type":"equation","equation":"x_8 - x_7=x_7 - x_6"},{"type":"equation","equation":"y_8  =y_7  "},{"type":"equation","equation":"x_9  =x_6  "},{"type":"equation","equation":"y_9 - y_6=y_6 - y_8"},{"type":"equation","equation":"x_10 - x_9=y_6 - y_9"},{"type":"equation","equation":"y_10 - y_9=x_7 - x_9"},{"type":"equation","equation":"x_11 - x_8=x_10 - x_9"},{"type":"equation","equation":"y_11 - y_10=x_10 - x_9"},{"type":"equation","equation":"x_12 - x_11=y_11 - y_10"},{"type":"equation","equation":"y_12 - y_11=y_11 - y_10"},{"type":"equation","equation":"x_13  =x_10  "},{"type":"equation","equation":"y_13  =y_9  "},{"type":"equation","equation":"x_14 - x_13=y_10 - y_13"},{"type":"equation","equation":"y_14  =y_13  "},{"type":"equation","equation":"x_15 - x_14=x_14 - x_13"},{"type":"equation","equation":"y_15  =y_14  "},{"type":"equation","equation":"x_16 - x_15=x_15 - x_14"},{"type":"equation","equation":"y_16  =y_15  "},{"type":"equation","equation":"x_17  =x_16  "},{"type":"equation","equation":"y_17 - y_16=x_16 - x_15"},{"type":"equation","equation":"x_18 - x_17=y_17 - y_16"},{"type":"equation","equation":"y_18  =y_17  "},{"type":"equation","equation":"x_19 - x_17=x_17 - x_18"},{"type":"equation","equation":"y_18  =y_19  "},{"type":"equation","equation":"x_20 - x_19=x_19 - x_17"},{"type":"equation","equation":"y_20  =y_19  "},{"type":"equation","equation":"x_21  =x_18  "},{"type":"equation","equation":"y_21 - y_20=x_20 - x_19"},{"type":"equation","equation":"x_22  =x_21  "},{"type":"equation","equation":"y_21 - y_22=x_19 - x_21"},{"type":"equation","equation":"x_23 - x_22=y_20 - y_22"},{"type":"equation","equation":"y_23  =y_22  "},{"type":"equation","equation":"x_24  =x_22  "},{"type":"equation","equation":"y_24 - y_23=x_22 - x_23"},{"type":"equation","equation":"x_25 - x_13=x_20 - x_19"},{"type":"equation","equation":"y_21 - y_25=x_24 - x_19"},{"type":"equation","equation":"x_26 - x_20=y_20 - y_23"},{"type":"equation","equation":"y_26  =y_25  "},{"type":"equation","equation":"x_27 - x_20=x_26 - x_25"},{"type":"equation","equation":"y_27  =y_26  "},{"type":"equation","equation":"x_28 - x_27=x_27 - x_20"},{"type":"equation","equation":"y_28  =y_27  "},{"type":"equation","equation":"x_29 - x_27=x_27 - x_28"},{"type":"equation","equation":"y_29  =y_28  "},{"type":"equation","equation":"x_30 - x_28=x_27 - x_29"},{"type":"equation","equation":"y_30  =y_29  "}]