[{"type":"element","name":"1","elementType":"CIRCLE","id":1,"x":107.71428680386344,"y":247.42860412626834,"shape":"","w":60,"h":60,"color":"green","lightness":200,"text":"明明"},{"type":"element","name":"2","elementType":"CIRCLE","id":2,"x":172.7142868038252,"y":247.42860412572097,"shape":"","w":60,"h":60,"color":"green","lightness":400,"text":"明暗"},{"type":"element","name":"3","elementType":"CIRCLE","id":3,"x":237.71428680372958,"y":247.4286041258666,"shape":"","w":60,"h":60,"color":"green","lightness":400,"text":"明暗"},{"type":"element","name":"4","elementType":"CIRCLE","id":4,"x":302.7142868035992,"y":247.4286041259647,"shape":"","w":60,"h":60,"color":"green","lightness":700,"text":"暗暗"},{"type":"element","name":"5","elementType":"CIRCLE","id":5,"x":107.71428680387336,"y":117.42860412623747,"shape":"","w":40,"h":40,"color":"green","lightness":200,"text":"明"},{"type":"element","name":"6","elementType":"CIRCLE","id":6,"x":172.7142868038745,"y":117.42860412628275,"text":"暗","w":40,"h":40,"color":"green","lightness":700},{"type":"element","name":"7","elementType":"CIRCLE","id":7,"x":237.71428680390423,"y":117.4286041263101,"shape":"","w":40,"h":40,"color":"green","lightness":200,"text":"明"},{"type":"element","name":"8","elementType":"CIRCLE","id":8,"x":302.7142868039472,"y":117.42860412632234,"shape":"","w":40,"h":40,"color":"green","lightness":700,"text":"暗"},{"type":"element","name":"9","elementType":"CIRCLE","id":9,"x":140.21428680387706,"y":52.42860412628116,"shape":"","w":60,"h":60,"color":"green","lightness":400,"text":"明暗"},{"type":"element","name":"10","elementType":"CIRCLE","id":10,"x":270.21428680392546,"y":52.42860412628106,"shape":"","w":60,"h":60,"color":"green","lightness":400,"text":"明暗"},{"type":"element","name":"arrow-9-5","elementType":"ARROW","id":11,"pointerAtBeginning":false,"dashEnabled":false,"startElement":9,"endElement":5,"pointerAtEnding":true},{"type":"element","name":"arrow-9-6","elementType":"ARROW","id":12,"pointerAtBeginning":false,"dashEnabled":false,"startElement":9,"endElement":6,"pointerAtEnding":true},{"type":"element","name":"arrow-10-7","elementType":"ARROW","id":13,"pointerAtBeginning":false,"dashEnabled":false,"startElement":10,"endElement":7,"pointerAtEnding":true},{"type":"element","name":"arrow-10-8","elementType":"ARROW","id":14,"pointerAtBeginning":false,"dashEnabled":false,"startElement":10,"endElement":8,"pointerAtEnding":true},{"type":"element","name":"arrow-5-1","elementType":"ARROW","id":15,"pointerAtBeginning":false,"dashEnabled":false,"startElement":5,"endElement":1,"pointerAtEnding":true},{"type":"element","name":"arrow-5-2","elementType":"ARROW","id":16,"pointerAtBeginning":false,"dashEnabled":false,"startElement":5,"endElement":2,"pointerAtEnding":true},{"type":"element","name":"arrow-6-3","elementType":"ARROW","id":17,"pointerAtBeginning":false,"dashEnabled":false,"startElement":6,"endElement":3,"pointerAtEnding":true},{"type":"element","name":"arrow-6-4","elementType":"ARROW","id":18,"pointerAtBeginning":false,"dashEnabled":false,"startElement":6,"endElement":4,"pointerAtEnding":true},{"type":"element","name":"arrow-7-1","elementType":"ARROW","id":19,"pointerAtBeginning":false,"dashEnabled":false,"startElement":7,"endElement":1,"pointerAtEnding":true},{"type":"element","name":"arrow-7-3","elementType":"ARROW","id":20,"pointerAtBeginning":false,"dashEnabled":false,"startElement":7,"endElement":3,"pointerAtEnding":true},{"type":"element","name":"arrow-8-2","elementType":"ARROW","id":21,"pointerAtBeginning":false,"dashEnabled":false,"startElement":8,"endElement":2,"pointerAtEnding":true},{"type":"element","name":"arrow-8-4","elementType":"ARROW","id":22,"pointerAtBeginning":false,"dashEnabled":false,"startElement":8,"endElement":4,"pointerAtEnding":true},{"type":"attribute","name":"const_dis","element":0,"val":64.99999999996187},{"type":"attribute","name":"rando1olhwonssi","element":0,"val":107.7142868038091},{"type":"attribute","name":"randpl1boeuwjy","element":0,"val":247.42860412623048},{"type":"equation","equation":"x_1  =rando1olhwonssi_0  "},{"type":"equation","equation":"y_1  =randpl1boeuwjy_0  "},{"type":"equation","equation":"x_2  =x_1 + const_dis_0"},{"type":"equation","equation":"y_2  =y_1  "},{"type":"equation","equation":"x_3 - x_2=x_2 - x_1"},{"type":"equation","equation":"y_3  =y_2  "},{"type":"equation","equation":"x_4 - x_3=x_3 - x_2"},{"type":"equation","equation":"y_4  =y_3  "},{"type":"equation","equation":"x_5  =x_1  "},{"type":"equation","equation":"x_5  =x_1  "},{"type":"equation","equation":"y_4 - y_5=x_4 - x_2"},{"type":"equation","equation":"x_6  =x_2  "},{"type":"equation","equation":"y_6  =y_5  "},{"type":"equation","equation":"x_7 - x_6=x_6 - x_5"},{"type":"equation","equation":"y_7  =y_6  "},{"type":"equation","equation":"x_8 - x_7=x_7 - x_6"},{"type":"equation","equation":"y_8  =y_7  "},{"type":"equation","equation":"x_9 - x_6=x_5 - x_9"},{"type":"equation","equation":"y_8 - y_9=x_8 - x_7"},{"type":"equation","equation":"x_10 - x_8=x_7 - x_10"},{"type":"equation","equation":"y_10  =y_9  "}]