[{"type":"element","name":"1","elementType":"RECTANGLE","id":1,"x":110.95107022465126,"y":119.11475783221516,"shape":"","w":100,"h":30,"color":"blue","lightness":400,"text":"前馈网络"},{"type":"element","name":"2","elementType":"RECTANGLE","id":2,"x":110.95098453531146,"y":202.22950651513707,"shape":"","w":100,"h":30,"color":"orange","lightness":100,"text":"叠加与归一化"},{"type":"element","name":"3","elementType":"RECTANGLE","id":3,"x":112.95089869895932,"y":297.6885339260509,"shape":"","w":100,"h":30,"color":"purple","lightness":400,"text":"输入编码"},{"type":"element","name":"4","elementType":"RECTANGLE","id":4,"x":266.00005025089234,"y":36.000009149295735,"shape":"","w":100,"h":30,"color":"green","lightness":400,"text":"编码器输出"},{"type":"element","name":"5","elementType":"RECTANGLE","id":5,"x":266.0000502537434,"y":119.11475783221087,"shape":"","w":100,"h":30,"color":"orange","lightness":100,"text":"叠加与归一化"},{"type":"element","name":"6","elementType":"RECTANGLE","id":6,"x":266.00005025814653,"y":202.22950651513705,"shape":"","w":100,"h":30,"color":"orange","lightness":400,"text":"多头注意力"},{"type":"element","name":"7","elementType":"RECTANGLE","id":7,"x":266.0000502628245,"y":297.6885339260124,"shape":"","w":100,"h":30,"color":"grey","lightness":400,"text":"合并"},{"type":"element","name":"8","elementType":"RECTANGLE","id":8,"x":266.0000502663172,"y":393.1475613367935,"shape":"","w":100,"h":30,"color":"purple","lightness":400,"text":"坐标编码"},{"type":"element","name":"arrow-1-5","elementType":"ARROW","id":9,"pointerAtBeginning":false,"dashEnabled":false,"startElement":1,"endElement":5,"pointerAtEnding":true},{"type":"element","name":"arrow-2-1","elementType":"ARROW","id":10,"pointerAtBeginning":false,"dashEnabled":false,"startElement":2,"endElement":1,"pointerAtEnding":true},{"type":"element","name":"arrow-2-5","elementType":"ARROW","id":11,"pointerAtBeginning":false,"dashEnabled":false,"startElement":2,"endElement":5,"pointerAtEnding":true},{"type":"element","name":"arrow-6-2","elementType":"ARROW","id":12,"pointerAtBeginning":false,"dashEnabled":false,"startElement":6,"endElement":2,"pointerAtEnding":true},{"type":"element","name":"arrow-7-6","elementType":"ARROW","id":13,"pointerAtBeginning":false,"dashEnabled":false,"startElement":7,"endElement":6,"pointerAtEnding":true},{"type":"element","name":"arrow-7-2","elementType":"ARROW","id":14,"pointerAtBeginning":false,"dashEnabled":false,"startElement":7,"endElement":2,"pointerAtEnding":true},{"type":"element","name":"arrow-3-7","elementType":"ARROW","id":15,"pointerAtBeginning":false,"dashEnabled":false,"startElement":3,"endElement":7,"pointerAtEnding":true},{"type":"element","name":"arrow-8-7","elementType":"ARROW","id":16,"pointerAtBeginning":false,"dashEnabled":false,"startElement":8,"endElement":7,"pointerAtEnding":true},{"type":"element","name":"arrow-5-4","elementType":"ARROW","id":17,"pointerAtBeginning":false,"dashEnabled":false,"startElement":5,"endElement":4,"pointerAtEnding":true},{"type":"attribute","name":"const_dis","element":0,"val":120.47772412494271},{"type":"attribute","name":"randuy4v94aadhp","element":0,"val":36.00000914923712},{"type":"attribute","name":"rand7sf7k1gagw2","element":0,"val":266.0000502681166},{"type":"attribute","name":"randovz674nidx","element":0,"val":393.14756133654043},{"type":"attribute","name":"rand8lxao0gp6ww","element":0,"val":297.6885339260634},{"type":"attribute","name":"randnn1ilao4cwh","element":0,"val":110.9510702246513},{"type":"attribute","name":"rand2f1i9modklm","element":0,"val":110.9509845353114},{"type":"attribute","name":"randbuxmg3etwcj","element":0,"val":112.95089869895939},{"type":"attribute","name":"rand0a4bydrwtdm","element":0,"val":297.68853392609793},{"type":"equation","equation":"y_4  =randuy4v94aadhp_0  "},{"type":"equation","equation":"x_5  =x_4  "},{"type":"equation","equation":"x_6  =x_5  "},{"type":"equation","equation":"y_6 - y_5=y_5 - y_4"},{"type":"equation","equation":"x_7  =x_6  "},{"type":"equation","equation":"x_8  =x_7  "},{"type":"equation","equation":"x_8  =rand7sf7k1gagw2_0  "},{"type":"equation","equation":"y_8  =randovz674nidx_0  "},{"type":"equation","equation":"y_3  =rand8lxao0gp6ww_0  "},{"type":"equation","equation":"y_4 - y_5=y_5 - y_6"},{"type":"equation","equation":"y_6 - y_7=y_7 - y_8"},{"type":"equation","equation":"x_1  =randnn1ilao4cwh_0  "},{"type":"equation","equation":"x_2  =rand2f1i9modklm_0  "},{"type":"equation","equation":"x_3  =randbuxmg3etwcj_0  "},{"type":"equation","equation":"y_1  =y_5  "},{"type":"equation","equation":"y_7  =rand0a4bydrwtdm_0  "},{"type":"equation","equation":"y_3  =y_7  "},{"type":"equation","equation":"y_2  =y_6  "}]