[{"type":"element","name":"1","elementType":"CIRCLE","id":1,"x":116.57145691020476,"y":306.57144164964296,"shape":"","w":10,"h":10,"color":"grey","lightness":900,"text":""},{"type":"element","name":"2","elementType":"CIRCLE","id":2,"x":253.42860412635906,"y":306.5714416496302,"shape":"","w":10,"h":10,"color":"grey","lightness":900,"text":""},{"type":"element","name":"3","elementType":"CIRCLE","id":3,"x":157.1428833007499,"y":256.28573608418895,"shape":"","w":10,"h":10,"color":"grey","lightness":900,"text":""},{"type":"element","name":"4","elementType":"CIRCLE","id":4,"x":294.0000305168977,"y":256.2857360838588,"shape":"","w":10,"h":10,"color":"grey","lightness":900,"text":""},{"type":"element","name":"5","elementType":"CIRCLE","id":5,"x":116.57145691021314,"y":169.7142944335306,"shape":"","w":10,"h":10,"color":"grey","lightness":900,"text":""},{"type":"element","name":"6","elementType":"CIRCLE","id":6,"x":253.42860412640658,"y":169.71429443354077,"shape":"","w":10,"h":10,"color":"grey","lightness":900,"text":""},{"type":"element","name":"7","elementType":"CIRCLE","id":7,"x":157.14288330067424,"y":119.4285888679031,"shape":"","w":10,"h":10,"color":"grey","lightness":900,"text":""},{"type":"element","name":"8","elementType":"CIRCLE","id":8,"x":294.00003051685894,"y":119.42858886787394,"shape":"","w":10,"h":10,"color":"grey","lightness":900,"text":""},{"type":"element","name":"arrow-5-1","elementType":"ARROW","id":9,"pointerAtBeginning":false,"dashEnabled":false,"startElement":5,"endElement":1,"pointerAtEnding":false},{"type":"element","name":"arrow-1-2","elementType":"ARROW","id":10,"pointerAtBeginning":false,"dashEnabled":false,"startElement":1,"endElement":2,"pointerAtEnding":false},{"type":"element","name":"arrow-5-6","elementType":"ARROW","id":11,"pointerAtBeginning":false,"dashEnabled":false,"startElement":5,"endElement":6,"pointerAtEnding":false},{"type":"element","name":"arrow-6-2","elementType":"ARROW","id":12,"pointerAtBeginning":false,"dashEnabled":false,"startElement":6,"endElement":2,"pointerAtEnding":false},{"type":"element","name":"arrow-2-4","elementType":"ARROW","id":13,"pointerAtBeginning":false,"dashEnabled":false,"startElement":2,"endElement":4,"pointerAtEnding":false},{"type":"element","name":"arrow-3-4","elementType":"ARROW","id":14,"pointerAtBeginning":false,"dashEnabled":true,"startElement":3,"endElement":4,"pointerAtEnding":false},{"type":"element","name":"arrow-3-1","elementType":"ARROW","id":15,"pointerAtBeginning":false,"dashEnabled":true,"startElement":3,"endElement":1,"pointerAtEnding":false},{"type":"element","name":"arrow-3-7","elementType":"ARROW","id":16,"pointerAtBeginning":false,"dashEnabled":true,"startElement":3,"endElement":7,"pointerAtEnding":false},{"type":"element","name":"arrow-7-8","elementType":"ARROW","id":17,"pointerAtBeginning":false,"dashEnabled":false,"startElement":7,"endElement":8,"pointerAtEnding":false},{"type":"element","name":"arrow-8-4","elementType":"ARROW","id":18,"pointerAtBeginning":false,"dashEnabled":false,"startElement":8,"endElement":4,"pointerAtEnding":false},{"type":"element","name":"arrow-6-8","elementType":"ARROW","id":19,"pointerAtBeginning":false,"dashEnabled":false,"startElement":6,"endElement":8,"pointerAtEnding":false},{"type":"element","name":"arrow-5-7","elementType":"ARROW","id":20,"pointerAtBeginning":false,"dashEnabled":false,"startElement":5,"endElement":7,"pointerAtEnding":false},{"type":"element","name":"arrow-7-2","elementType":"ARROW","id":21,"pointerAtBeginning":false,"dashEnabled":true,"startElement":7,"endElement":2,"pointerAtEnding":false},{"type":"element","name":"arrow-1-8","elementType":"ARROW","id":22,"pointerAtBeginning":false,"dashEnabled":true,"startElement":1,"endElement":8,"pointerAtEnding":false},{"type":"element","name":"arrow-5-4","elementType":"ARROW","id":23,"pointerAtBeginning":false,"dashEnabled":true,"startElement":5,"endElement":4,"pointerAtEnding":false},{"type":"element","name":"arrow-6-3","elementType":"ARROW","id":24,"pointerAtBeginning":false,"dashEnabled":true,"startElement":6,"endElement":3,"pointerAtEnding":false},{"type":"element","name":"25","elementType":"CIRCLE","id":25,"x":205.28574371351667,"y":213.00001525876655,"shape":"","w":10,"h":10,"color":"red","lightness":900,"text":""},{"type":"attribute","name":"const_dis","element":0,"val":65},{"type":"attribute","name":"randbcpjco770n9","element":0,"val":253.4286041263051},{"type":"attribute","name":"randoavlja9zbkr","element":0,"val":157.14288330082618},{"type":"attribute","name":"randtnvm6sv5u2","element":0,"val":256.28573608408243},{"type":"attribute","name":"randdw1szhkn3d4","element":0,"val":294.00003051690913},{"type":"attribute","name":"randr82lrukpgnr","element":0,"val":169.714294433558},{"type":"attribute","name":"randlrs9gdte06","element":0,"val":253.42860412643006},{"type":"attribute","name":"randt6i805takkp","element":0,"val":306.571441649705},{"type":"equation","equation":"y_1  =randt6i805takkp_0  "},{"type":"equation","equation":"y_2  =y_1  "},{"type":"equation","equation":"x_2  =randbcpjco770n9_0  "},{"type":"equation","equation":"x_3  =randoavlja9zbkr_0  "},{"type":"equation","equation":"y_3  =randtnvm6sv5u2_0  "},{"type":"equation","equation":"y_4  =y_3  "},{"type":"equation","equation":"x_4  =randdw1szhkn3d4_0  "},{"type":"equation","equation":"x_5  =x_1  "},{"type":"equation","equation":"y_5  =randr82lrukpgnr_0  "},{"type":"equation","equation":"y_6  =y_5  "},{"type":"equation","equation":"x_6  =randlrs9gdte06_0  "},{"type":"equation","equation":"y_7 - y_6=y_4 - y_2"},{"type":"equation","equation":"x_5 - x_7=x_6 - x_8"},{"type":"equation","equation":"y_8  =y_7  "},{"type":"equation","equation":"x_5 - x_1=y_1 - y_2"},{"type":"equation","equation":"x_5 - x_1=y_5 - y_6"},{"type":"equation","equation":"x_5 - x_1=y_1 - y_2"},{"type":"equation","equation":"x_5 - x_1=y_5 - y_6"},{"type":"equation","equation":"x_5 - x_1=y_1 - y_2"},{"type":"equation","equation":"x_5 - x_6=y_5 - y_1"},{"type":"equation","equation":"x_1 - x_2=y_5 - y_1"},{"type":"equation","equation":"x_3 - x_4=x_1 - x_2"},{"type":"equation","equation":"x_7 - x_8=x_5 - x_6"},{"type":"equation","equation":"x_7 - x_8=x_5 - x_6"},{"type":"equation","equation":"y_7 - y_3=y_8 - y_4"},{"type":"equation","equation":"x_7  =x_3  "},{"type":"equation","equation":"y_25 - y_4=y_6 - y_25"},{"type":"equation","equation":"x_7 - x_25=x_25 - x_2"},{"type":"equation","equation":"y_7 - y_25=y_25 - y_2"}]