[{"type":"element","name":"1","elementType":"RECTANGLE","id":1,"x":92.2857284541836,"y":127.7143020621465,"shape":"","w":40,"h":40,"color":"green","lightness":400,"text":"1"},{"type":"element","name":"2","elementType":"RECTANGLE","id":2,"x":132.28572845401322,"y":127.71430206357164,"shape":"","w":40,"h":40,"color":"red","lightness":400,"text":""},{"type":"element","name":"3","elementType":"RECTANGLE","id":3,"x":172.28572845416446,"y":127.7143020633411,"shape":"","w":40,"h":40,"color":"red","lightness":400,"text":""},{"type":"element","name":"4","elementType":"RECTANGLE","id":4,"x":212.2857284542364,"y":127.71430206322945,"shape":"","w":40,"h":40,"color":"red","lightness":400,"text":""},{"type":"element","name":"5","elementType":"RECTANGLE","id":5,"x":252.28572845386472,"y":127.71430206303049,"shape":"","w":40,"h":40,"color":"red","lightness":400,"text":""},{"type":"element","name":"6","elementType":"RECTANGLE","id":6,"x":292.2857284533008,"y":127.71430206307177,"shape":"","w":40,"h":40,"color":"red","lightness":400,"text":""},{"type":"element","name":"7","elementType":"RECTANGLE","id":7,"x":92.28572845489711,"y":167.71430206278413,"shape":"","w":40,"h":40,"color":"blue","lightness":400,"text":"0"},{"type":"element","name":"8","elementType":"RECTANGLE","id":8,"x":132.28572845479576,"y":167.71430206289241,"shape":"","w":40,"h":40,"color":"green","lightness":400,"text":"1"},{"type":"element","name":"9","elementType":"RECTANGLE","id":9,"x":172.2857284546267,"y":167.7143020628834,"shape":"","w":40,"h":40,"color":"red","lightness":400,"text":""},{"type":"element","name":"10","elementType":"RECTANGLE","id":10,"x":212.28572845454525,"y":167.71430206290796,"shape":"","w":40,"h":40,"color":"red","lightness":400,"text":""},{"type":"element","name":"11","elementType":"RECTANGLE","id":11,"x":252.28572845449793,"y":167.71430206292786,"shape":"","w":40,"h":40,"color":"red","lightness":400,"text":""},{"type":"element","name":"12","elementType":"RECTANGLE","id":12,"x":292.2857284544942,"y":167.7143020629543,"shape":"","w":40,"h":40,"color":"red","lightness":400,"text":""},{"type":"element","name":"13","elementType":"RECTANGLE","id":13,"x":92.28572845475283,"y":207.7143020629335,"shape":"","w":40,"h":40,"color":"blue","lightness":400,"text":"0"},{"type":"element","name":"14","elementType":"RECTANGLE","id":14,"x":132.2857284546944,"y":207.7143020629549,"shape":"","w":40,"h":40,"color":"blue","lightness":400,"text":"0"},{"type":"element","name":"15","elementType":"RECTANGLE","id":15,"x":172.28572845464717,"y":207.71430206296608,"shape":"","w":40,"h":40,"color":"blue","lightness":400,"text":"0"},{"type":"element","name":"16","elementType":"RECTANGLE","id":16,"x":212.28572845460693,"y":207.71430206297504,"shape":"","w":40,"h":40,"color":"green","lightness":400,"text":"1"},{"type":"element","name":"17","elementType":"RECTANGLE","id":17,"x":252.28572845459345,"y":207.71430206298302,"shape":"","w":40,"h":40,"color":"red","lightness":400,"text":""},{"type":"element","name":"18","elementType":"RECTANGLE","id":18,"x":292.28572845456847,"y":207.71430206299365,"shape":"","w":40,"h":40,"color":"red","lightness":400,"text":""},{"type":"element","name":"19","elementType":"RECTANGLE","id":19,"x":92.2857284546585,"y":247.71430206294218,"shape":"","w":40,"h":40,"color":"blue","lightness":400,"text":"0"},{"type":"element","name":"20","elementType":"RECTANGLE","id":20,"x":132.2857284545772,"y":247.71430206295074,"shape":"","w":40,"h":40,"color":"blue","lightness":400,"text":"0"},{"type":"element","name":"21","elementType":"RECTANGLE","id":21,"x":172.2857284545092,"y":247.71430206295432,"shape":"","w":40,"h":40,"color":"blue","lightness":400,"text":"0"},{"type":"element","name":"22","elementType":"RECTANGLE","id":22,"x":212.2857284544449,"y":247.71430206295707,"shape":"","w":40,"h":40,"color":"blue","lightness":400,"text":"0"},{"type":"element","name":"23","elementType":"RECTANGLE","id":23,"x":252.28572845444674,"y":247.7143020629582,"shape":"","w":40,"h":40,"color":"green","lightness":400,"text":"1"},{"type":"element","name":"24","elementType":"RECTANGLE","id":24,"x":292.2857284544071,"y":247.71430206295886,"shape":"","w":40,"h":40,"color":"red","lightness":400,"text":""},{"type":"element","name":"25","elementType":"RECTANGLE","id":25,"x":92.28572845463809,"y":47.71430206295081,"shape":"","w":40,"h":40,"color":"green","lightness":400,"text":""},{"type":"element","name":"26","elementType":"RECTANGLE","id":26,"x":132.28572845457194,"y":47.71430206295326,"shape":"","w":40,"h":40,"color":"green","lightness":400,"text":""},{"type":"element","name":"27","elementType":"RECTANGLE","id":27,"x":172.28572845450438,"y":47.71430206294596,"shape":"","w":40,"h":40,"color":"red","lightness":400,"text":""},{"type":"element","name":"28","elementType":"RECTANGLE","id":28,"x":212.28572845445214,"y":47.71430206293978,"shape":"","w":40,"h":40,"color":"green","lightness":400,"text":""},{"type":"element","name":"29","elementType":"RECTANGLE","id":29,"x":252.28572845439678,"y":47.714302062937946,"shape":"","w":40,"h":40,"color":"green","lightness":400,"text":""},{"type":"element","name":"30","elementType":"RECTANGLE","id":30,"x":292.28572845434104,"y":47.714302062937875,"shape":"","w":40,"h":40,"color":"red","lightness":400,"text":""},{"type":"element","name":"arrow-1-25","elementType":"ARROW","id":31,"pointerAtBeginning":false,"dashEnabled":true,"startElement":1,"endElement":25,"pointerAtEnding":true},{"type":"element","name":"arrow-8-26","elementType":"ARROW","id":32,"pointerAtBeginning":false,"dashEnabled":true,"startElement":8,"endElement":26,"pointerAtEnding":true},{"type":"element","name":"arrow-16-28","elementType":"ARROW","id":33,"pointerAtBeginning":false,"dashEnabled":true,"startElement":16,"endElement":28,"pointerAtEnding":true},{"type":"element","name":"arrow-23-29","elementType":"ARROW","id":34,"pointerAtBeginning":false,"dashEnabled":true,"startElement":23,"endElement":29,"pointerAtEnding":true},{"type":"attribute","name":"const_dis","element":0,"val":39.99999999983278},{"type":"attribute","name":"randueq87m9dnrf","element":0,"val":92.28572845453014},{"type":"attribute","name":"randui92corhoj","element":0,"val":127.71430206304746},{"type":"equation","equation":"x_1  =randueq87m9dnrf_0  "},{"type":"equation","equation":"y_1  =randui92corhoj_0  "},{"type":"equation","equation":"x_2  =x_1 + const_dis_0"},{"type":"equation","equation":"y_2  =y_1  "},{"type":"equation","equation":"x_3 - x_2=x_2 - x_1"},{"type":"equation","equation":"y_3  =y_2  "},{"type":"equation","equation":"x_4 - x_3=x_3 - x_2"},{"type":"equation","equation":"y_4  =y_3  "},{"type":"equation","equation":"x_3 - x_4=x_4 - x_5"},{"type":"equation","equation":"y_5  =y_4  "},{"type":"equation","equation":"x_4 - x_5=x_5 - x_6"},{"type":"equation","equation":"y_6  =y_5  "},{"type":"equation","equation":"x_6 - x_6=x_1 - x_7"},{"type":"equation","equation":"y_7 - y_6=x_6 - x_5"},{"type":"equation","equation":"x_8 - x_7=y_7 - y_6"},{"type":"equation","equation":"y_8  =y_7  "},{"type":"equation","equation":"x_9 - x_8=x_8 - x_7"},{"type":"equation","equation":"y_9  =y_8  "},{"type":"equation","equation":"x_10 - x_9=x_9 - x_8"},{"type":"equation","equation":"y_10  =y_9  "},{"type":"equation","equation":"x_11 - x_10=x_10 - x_9"},{"type":"equation","equation":"y_11  =y_10  "},{"type":"equation","equation":"x_12 - x_11=x_11 - x_10"},{"type":"equation","equation":"y_12  =y_11  "},{"type":"equation","equation":"x_12 - x_12=x_7 - x_13"},{"type":"equation","equation":"x_11 - x_12=y_12 - y_13"},{"type":"equation","equation":"x_14 - x_13=y_13 - y_12"},{"type":"equation","equation":"y_14  =y_13  "},{"type":"equation","equation":"x_15 - x_14=x_14 - x_13"},{"type":"equation","equation":"y_15  =y_14  "},{"type":"equation","equation":"x_16 - x_15=x_15 - x_14"},{"type":"equation","equation":"y_16  =y_15  "},{"type":"equation","equation":"x_17 - x_16=x_16 - x_15"},{"type":"equation","equation":"y_17  =y_16  "},{"type":"equation","equation":"x_18 - x_17=x_17 - x_16"},{"type":"equation","equation":"y_18  =y_17  "},{"type":"equation","equation":"x_18 - x_18=x_13 - x_19"},{"type":"equation","equation":"x_17 - x_18=y_18 - y_19"},{"type":"equation","equation":"x_20 - x_19=y_19 - y_18"},{"type":"equation","equation":"y_20  =y_19  "},{"type":"equation","equation":"x_21 - x_20=x_20 - x_19"},{"type":"equation","equation":"y_21  =y_20  "},{"type":"equation","equation":"x_22 - x_21=x_21 - x_20"},{"type":"equation","equation":"y_22  =y_21  "},{"type":"equation","equation":"x_23 - x_22=x_22 - x_21"},{"type":"equation","equation":"y_23  =y_22  "},{"type":"equation","equation":"x_24 - x_23=x_23 - x_22"},{"type":"equation","equation":"y_24  =y_23  "},{"type":"equation","equation":"x_24 - x_24=x_19 - x_25"},{"type":"equation","equation":"x_24 - x_22=y_6 - y_25"},{"type":"equation","equation":"x_26 - x_25=x_21 - x_20"},{"type":"equation","equation":"y_26  =y_25  "},{"type":"equation","equation":"x_27 - x_26=x_26 - x_25"},{"type":"equation","equation":"y_27  =y_26  "},{"type":"equation","equation":"x_28 - x_27=x_27 - x_26"},{"type":"equation","equation":"y_28  =y_27  "},{"type":"equation","equation":"x_29 - x_28=x_28 - x_27"},{"type":"equation","equation":"y_29  =y_28  "},{"type":"equation","equation":"x_30 - x_29=x_29 - x_28"},{"type":"equation","equation":"y_30  =y_29  "}]