[{"type":"element","name":"1","elementType":"CIRCLE","id":1,"x":124.5714418222509,"y":75.14285988434516,"shape":"","w":60,"h":60,"color":"green","lightness":300,"text":"明暗"},{"type":"element","name":"2","elementType":"CIRCLE","id":2,"x":244.71429549128325,"y":75.14285987585886,"shape":"","w":60,"h":60,"color":"green","lightness":300,"text":"明暗"},{"type":"element","name":"3","elementType":"CIRCLE","id":3,"x":59.571441301150834,"y":337.1429670603366,"shape":"","w":60,"h":60,"color":"green","lightness":200,"text":"明明"},{"type":"element","name":"4","elementType":"CIRCLE","id":4,"x":157.42859416216052,"y":339.42858871599935,"shape":"","w":60,"h":60,"color":"green","lightness":300,"text":"明暗"},{"type":"element","name":"5","elementType":"CIRCLE","id":5,"x":244.71429549013834,"y":339.42858872887615,"shape":"","w":60,"h":60,"color":"green","lightness":300,"text":"明暗"},{"type":"element","name":"6","elementType":"CIRCLE","id":6,"x":331.99999681689945,"y":339.42858875604816,"shape":"","w":60,"h":60,"color":"green","lightness":400,"text":"暗暗"},{"type":"element","name":"7","elementType":"CIRCLE","id":7,"x":92.42859363993448,"y":206.1429134652634,"shape":"","w":50,"h":50,"color":"green","lightness":200,"text":"明"},{"type":"element","name":"8","elementType":"CIRCLE","id":8,"x":157.42859416046934,"y":206.14288490119006,"shape":"","w":50,"h":50,"color":"green","lightness":400,"text":"暗"},{"type":"element","name":"9","elementType":"CIRCLE","id":9,"x":331.9999968155645,"y":206.14282777412373,"shape":"","w":50,"h":50,"color":"green","lightness":400,"text":"暗"},{"type":"element","name":"10","elementType":"CIRCLE","id":10,"x":244.7142954845372,"y":206.1428563433242,"shape":"","w":50,"h":50,"color":"green","lightness":200,"text":"明"},{"type":"element","name":"arrow-1-7","elementType":"ARROW","id":11,"pointerAtBeginning":false,"dashEnabled":false,"startElement":1,"endElement":7,"pointerAtEnding":true},{"type":"element","name":"arrow-1-8","elementType":"ARROW","id":12,"pointerAtBeginning":false,"dashEnabled":false,"startElement":1,"endElement":8,"pointerAtEnding":true},{"type":"element","name":"arrow-2-10","elementType":"ARROW","id":13,"pointerAtBeginning":false,"dashEnabled":false,"startElement":2,"endElement":10,"pointerAtEnding":true},{"type":"element","name":"arrow-2-9","elementType":"ARROW","id":14,"pointerAtBeginning":false,"dashEnabled":false,"startElement":2,"endElement":9,"pointerAtEnding":true},{"type":"element","name":"arrow-7-3","elementType":"ARROW","id":15,"pointerAtBeginning":false,"dashEnabled":false,"startElement":7,"endElement":3,"pointerAtEnding":true},{"type":"element","name":"arrow-7-4","elementType":"ARROW","id":17,"pointerAtBeginning":false,"dashEnabled":false,"startElement":7,"endElement":4,"pointerAtEnding":true},{"type":"element","name":"arrow-10-3","elementType":"ARROW","id":18,"pointerAtBeginning":false,"dashEnabled":false,"startElement":10,"endElement":3,"pointerAtEnding":true},{"type":"element","name":"arrow-8-5","elementType":"ARROW","id":19,"pointerAtBeginning":false,"dashEnabled":false,"startElement":8,"endElement":5,"pointerAtEnding":true},{"type":"element","name":"arrow-8-6","elementType":"ARROW","id":20,"pointerAtBeginning":false,"dashEnabled":false,"startElement":8,"endElement":6,"pointerAtEnding":true},{"type":"element","name":"arrow-10-5","elementType":"ARROW","id":21,"pointerAtBeginning":false,"dashEnabled":false,"startElement":10,"endElement":5,"pointerAtEnding":true},{"type":"element","name":"arrow-9-4","elementType":"ARROW","id":22,"pointerAtBeginning":false,"dashEnabled":false,"startElement":9,"endElement":4,"pointerAtEnding":true},{"type":"element","name":"arrow-9-6","elementType":"ARROW","id":23,"pointerAtBeginning":false,"dashEnabled":false,"startElement":9,"endElement":6,"pointerAtEnding":true},{"type":"attribute","name":"const_dis","element":0,"val":65.00000052033747},{"type":"attribute","name":"rands8q9c7js6yg","element":0,"val":124.57144182152587},{"type":"attribute","name":"randlih233o9ar","element":0,"val":75.14285987717845},{"type":"attribute","name":"randychqayslmjl","element":0,"val":244.71429549388714},{"type":"attribute","name":"randyayx5einio","element":0,"val":337.14296704812955},{"type":"attribute","name":"rand8omta8a47o8","element":0,"val":157.428594163901},{"type":"attribute","name":"randwbwny845r6l","element":0,"val":339.42858872481014},{"type":"attribute","name":"randht9i1qbjtpe","element":0,"val":206.14288490119006},{"type":"attribute","name":"randroca023g7et","element":0,"val":206.14282777412373},{"type":"attribute","name":"randfv0lfgjh63u","element":0,"val":206.1428563433242},{"type":"equation","equation":"x_1  =rands8q9c7js6yg_0  "},{"type":"equation","equation":"y_1  =randlih233o9ar_0  "},{"type":"equation","equation":"y_2  =y_1  "},{"type":"equation","equation":"x_2  =randychqayslmjl_0  "},{"type":"equation","equation":"x_3  =x_1 - const_dis_0"},{"type":"equation","equation":"y_3  =randyayx5einio_0  "},{"type":"equation","equation":"x_4  =rand8omta8a47o8_0  "},{"type":"equation","equation":"y_4  =randwbwny845r6l_0  "},{"type":"equation","equation":"x_5  =x_2  "},{"type":"equation","equation":"y_5  =y_4  "},{"type":"equation","equation":"x_6 - x_5=x_5 - x_4"},{"type":"equation","equation":"y_6  =y_5  "},{"type":"equation","equation":"x_7 - x_3=x_4 - x_1"},{"type":"equation","equation":"y_7 - y_3=y_2 - y_7"},{"type":"equation","equation":"x_8  =x_4  "},{"type":"equation","equation":"x_9  =x_6  "},{"type":"equation","equation":"x_10 - x_8=x_9 - x_5"},{"type":"equation","equation":"y_8  =randht9i1qbjtpe_0  "},{"type":"equation","equation":"y_9  =randroca023g7et_0  "},{"type":"equation","equation":"y_10  =randfv0lfgjh63u_0  "}]